feature,feature_group,currently_used,missing_values_train,unique_values,data_type,leakage_risk,scientifically_reasonable_for_crop_recommendation,anova_f,p_value,eta_squared,mutual_info,mean_range_across_crops,normalized_mean_range,mean_Maize,mean_Rice,mean_Soybean,mean_Wheat,std_Maize,std_Rice,std_Soybean,std_Wheat
Silt,Soil properties,False,0,10000,float64,LOW,Yes,2.46880700617041,0.06009166967612981,0.0009254085859066526,0.008086451622548285,1.234023999999998,0.07776546094208343,32.273319,33.298448,32.210965,32.064424,15.798309,16.033135,15.855004,15.787694
Aspect,Location/agricultural variables,False,0,10000,float64,LOW,Yes,1.6329538905990877,0.17944561179201046,0.000612288913595484,0.0,6.727392000000009,0.06500345321169582,178.939076,177.438616,184.166008,178.815334,101.45435,104.86257,104.073484,103.580956
Sand,Soil properties,False,0,10000,float64,LOW,Yes,1.5085930045776645,0.21009044948272343,0.0005656851985398793,0.0,1.0136430000000018,0.05814893412927774,49.345765,50.354628,50.359408,50.023031,17.428769,17.423153,17.510534,17.364911
Bulk_Density,Soil properties,False,0,10000,float64,LOW,Yes,1.2826671100131948,0.2784302191585657,0.0004810093053667258,0.0024175080369723823,0.012242000000000086,0.05281848630667867,1.400569,1.395177,1.407352,1.407419,0.230265,0.231996,0.233041,0.231797
Water_Holding_Capacity,Soil properties,False,0,10000,float64,LOW,Yes,1.248935884456191,0.29021053275620873,0.00046836578000061146,0.0,0.4953179999999975,0.056940497491123454,24.715046,25.032851,25.210364,25.120903,8.824753,8.588096,8.622458,8.760174
Humidity,Environmental/weather variables,False,0,10000,float64,LOW,Yes,1.1765665827016005,0.3170021797227305,0.00044123840782922253,0.0070617718918661865,0.982609999999994,0.05676256758364367,60.768798,60.081582,60.087737,59.786188,17.350012,17.198678,17.304816,17.390014
S,Soil nutrients,True,0,10000,float64,LOW,Yes,1.1614320146415364,0.3228751725063528,0.00043556508332083564,0.0004298410020102672,1.5728670000000022,0.05585077944356939,49.472713,49.915346,51.04558,50.414372,28.411516,27.987787,27.986988,28.26152
B,Soil nutrients,True,0,10000,float64,LOW,Yes,1.1355878905335801,0.3331261245689022,0.000425877039666318,0.010080692278606307,0.04630599999999996,0.05545889465447048,1.583308,1.55052,1.537002,1.550013,0.823606,0.82988,0.843333,0.843024
pH,Soil properties,True,0,10000,float64,LOW,Yes,1.125629502547225,0.3371517503954765,0.00042214394379903105,0.0,0.06495000000000051,0.05606974421858285,6.463888,6.504673,6.489012,6.528838,1.150979,1.154328,1.173228,1.15498
Slope,Location/agricultural variables,False,0,10000,float64,LOW,Yes,1.1072000218788933,0.3447142124972628,0.00041523522014784236,0.0,0.4803829999999998,0.05541141613361123,14.984452,15.131489,14.651106,15.000705,8.700699,8.696699,8.660611,8.619539
Clay,Soil properties,False,0,10000,float64,LOW,Yes,1.08916337086686,0.35225830977169936,0.0004084736654505675,0.0,0.5205090000000006,0.05169396155330096,22.851452,22.673857,22.910652,22.390143,10.116062,10.014713,10.11786,10.027558
Temperature,Environmental/weather variables,False,0,10000,float64,LOW,Yes,1.0402462918628532,0.37344289004099784,0.0003901352382909001,0.0,0.4530990000000017,0.05252848526568561,24.72296,24.881329,25.013722,24.560623,8.644244,8.610896,8.634416,8.613552
EC,Soil properties,True,0,10000,float64,LOW,Yes,0.9007013651796386,0.4399186775280157,0.000337817818487525,0.0,0.03572299999999995,0.051565011697597744,1.316841,1.30077,1.281118,1.298851,0.694895,0.705603,0.675213,0.695393
OC,Soil properties,True,0,10000,float64,LOW,Yes,0.8287210523685336,0.4778388231386991,0.00031082921272822565,0.0,0.024202000000000057,0.044109490872943295,1.049838,1.061659,1.070838,1.046636,0.544745,0.548531,0.554319,0.547126
Elevation,Location/agricultural variables,False,0,10000,float64,LOW,Yes,0.7511628238758961,0.521524067877583,0.0002817475683755826,0.0029481047548300943,38.40365600000018,0.045959900682690895,1565.529212,1585.575876,1556.878998,1547.17222,844.313574,830.341534,826.228932,841.477926
Rainfall,Environmental/weather variables,False,0,10000,float64,LOW,Yes,0.6959642139895305,0.5543948668578913,0.00026104897445391307,0.0,3.877330999999998,0.045051810604250224,152.434028,148.556697,149.927018,150.17717,85.546853,86.954477,86.265049,85.488909
Cu,Soil nutrients,True,0,10000,float64,LOW,Yes,0.6396624780001033,0.5894135558985314,0.0002399358429377877,0.0,0.058472999999999775,0.04148254829589297,2.533058,2.591531,2.572116,2.551594,1.412673,1.412027,1.413502,1.400122
Irrigation_Frequency,Location/agricultural variables,False,0,29,int64,LOW,Context-dependent,0.6169048558363728,0.603982723030531,0.00023140148941982306,0.012585381763629666,0.31668499999999966,0.03793320155478181,15.005874,14.689189,14.781873,14.952099,8.468815,8.275424,8.289495,8.360231
Mn,Soil nutrients,True,0,10000,float64,LOW,Yes,0.6028873156012953,0.6130716774843721,0.00022614468828391414,0.0,0.24032199999999904,0.03328269198396864,12.675948,12.447791,12.688113,12.484359,7.227371,7.30206,7.190656,7.162431
Wind_Speed,Environmental/weather variables,False,0,10000,float64,LOW,Yes,0.5291434972298709,0.6622564696144994,0.0001984886699244319,0.0,0.22857199999999978,0.03956168693371135,10.004029,9.852674,10.081246,9.987206,5.803043,5.741392,5.808599,5.757406
CEC,Soil properties,False,0,10000,float64,LOW,Yes,0.4889828728031407,0.6899292466419096,0.00018342665594348883,0.006672530118677411,0.4891939999999977,0.037494656904579815,27.439793,27.756619,27.928987,27.698731,12.925786,13.208528,13.055475,12.99834
Zn,Soil nutrients,True,0,10000,float64,LOW,Yes,0.4217292914472975,0.7374206847302565,0.00015820256607994843,0.0,0.08999600000000019,0.03134798090187228,5.080503,5.096191,5.006195,5.031977,2.877754,2.876545,2.853993,2.875191
Mo,Soil nutrients,False,0,10000,float64,LOW,Yes,0.38631687470995163,0.7628682992110296,0.00014492029373112188,0.0,0.007769000000000026,0.027283476606614312,0.504032,0.50332,0.511089,0.509849,0.285596,0.286262,0.282447,0.284699
Year,Location/agricultural variables,False,0,25,int64,LOW,Yes,0.3668518448219943,0.7769416481041299,0.00013761931674609893,0.0,0.21357999999986532,0.02965460779560267,2012.013216,2011.89605,2011.918825,2012.10963,7.231469,7.201982,7.161869,7.213694
Mg,Soil nutrients,False,0,10000,float64,LOW,Yes,0.3643957783992488,0.7787204762388684,0.00013669808636602751,0.0,4.185393999999974,0.02957956179114658,256.820073,252.634679,256.426715,254.541784,142.655268,140.515176,142.311494,140.502647
Solar_Radiation,Environmental/weather variables,False,0,10000,float64,LOW,Yes,0.289411093712736,0.8330845586969565,0.000108571662782183,0.003919945251670942,6.733007000000043,0.026027924895329648,554.382186,547.649179,548.017755,550.568868,259.393068,261.089806,258.133527,256.119487
K,Soil nutrients,True,0,10000,float64,LOW,Yes,0.27596639448744575,0.8427807959063598,0.00010352844826740298,0.0,1.9951190000000025,0.028620427990366567,129.193215,127.906468,129.901587,129.115728,70.189863,70.936273,69.103088,68.609234
GDD,Environmental/weather variables,False,0,10000,float64,LOW,Context-dependent,0.22655376378130906,0.8779738822860929,8.499293708499582e-05,0.008893234139799588,18.761598999999933,0.02324685278103682,1588.252369,1586.692698,1595.855423,1605.454297,805.345992,809.380606,815.065941,798.446428
Fe,Soil nutrients,True,0,10000,float64,LOW,Yes,0.18983572158062578,0.9033726541475177,7.121893509899995e-05,0.0028109243647223003,0.30992599999999726,0.021415150979932865,25.4304,25.395179,25.26911,25.120474,14.347843,14.465744,14.580307,14.495214
Ca,Soil nutrients,False,0,10000,float64,LOW,Yes,0.18726601658769249,0.9051158936325222,7.025495005888917e-05,0.0,12.038189999999872,0.02143932340403567,1013.902285,1024.961766,1012.923576,1018.380281,563.362657,557.756205,557.659881,567.223105
N,Soil nutrients,True,0,10000,float64,LOW,Yes,0.15415556824475848,0.9270531084690712,5.783391176584775e-05,0.0,1.0987539999999996,0.020162406296332293,104.80997,105.04661,103.947856,104.769527,54.4888,55.231057,54.225148,54.035722
P,Soil nutrients,True,0,10000,float64,LOW,Yes,0.06652443962284986,0.977656538216877,2.4958521487710328e-05,0.003273236088554121,0.5502779999999916,0.013138908982691284,77.879214,77.502436,78.052714,77.653151,41.256916,41.884113,42.466565,41.918644
