Soil_Moisture,Humidity,Temperature,Crop Name
48,74.75,20.37,Sugarcane
47,73.56,23.09,Sugarcane
47,73.06,23.78,Sugarcane
47,79.31,22.54,Sugarcane
46,70.38,20.71,Sugarcane
45,62.5,18.26,Sugarcane
45,62.62,16.87,Sugarcane
45,60.12,16.53,Sugarcane
45,61.12,17.07,Sugarcane
45,63.06,17.15,Sugarcane
45,57.75,16.19,Sugarcane
44,56.81,16.72,Wheat
44,59.75,18.01,Wheat
44,59.62,18.89,Wheat
43,52.81,19.02,Wheat
43,44.38,18.94,Wheat
44,63.88,20.16,Wheat
43,61.69,18.18,Wheat
42,59.88,17.4,Wheat
42,61.56,17.52,Wheat
42,57.38,17.8,Wheat
41,54.94,18.47,Wheat
41,49.94,18.84,Wheat
41,58.25,19.55,Wheat
41,57.31,19.3,Wheat
41,47.12,18.37,Wheat
41,51.62,19.58,Wheat
41,62.19,21.33,Wheat
40,59.81,21.68,Wheat
40,68.0,20.48,Wheat
40,49.5,17.75,Wheat
39,48.31,16.94,Wheat
39,51.44,18.08,Wheat
39,51.88,19.98,Wheat
39,47.75,20.58,Wheat
38,45.56,21.56,Wheat
38,46.88,20.46,Wheat
38,39.62,18.54,Wheat
38,42.56,18.43,Wheat
38,50.19,19.94,Wheat
38,50.38,21.94,Wheat
38,43.88,19.94,Wheat
38,38.81,20.47,Wheat
37,48.94,21.08,Wheat
37,53.44,21.62,Wheat
39,68.88,21.74,Wheat
38,61.75,22.68,Wheat
37,46.31,23.05,Wheat
38,56.62,23.62,Wheat
49,73.5,23.05,Sugarcane
41,65.0,23.78,Wheat
38,53.88,24.08,Wheat
41,58.12,24.53,Wheat
38,65.19,25.51,Wheat
38,63.5,26.56,Wheat
38,64.06,26.54,Wheat
38,66.81,26.37,Wheat
37,65.38,26.78,Wheat
37,61.69,27.01,Wheat
36,55.75,27.91,Wheat
36,48.5,28.13,Wheat
35,49.56,26.42,Wheat
46,68.19,22.2,Sugarcane
47,56.12,24.51,Sugarcane
48,43.06,23.02,Sugarcane
47,42.31,23.02,Sugarcane
47,41.06,24.01,Sugarcane
46,39.0,25.06,Sugarcane
46,39.44,25.73,Sugarcane
46,36.38,25.12,Sugarcane
45,32.69,23.83,Sugarcane
34,34.62,24.67,Wheat
34,45.44,27.55,Wheat
34,45.12,28.76,Wheat
34,43.56,28.8,Wheat
34,45.12,28.78,Wheat
34,46.0,29.05,Wheat
33,40.75,28.17,Wheat
33,32.31,26.71,Wheat
32,30.69,26.82,Wheat
32,31.38,27.4,Wheat
31,34.75,28.81,Wheat
31,50.56,29.9,Wheat
31,54.12,30.43,Wheat
33,59.06,30.09,Wheat
32,55.25,30.57,Wheat
32,58.81,30.14,Wheat
31,57.81,30.82,Wheat
31,60.19,30.74,Wheat
36,69.94,28.23,Wheat
38,62.12,29.58,Wheat
55,76.19,28.19,Potato
55,72.44,30.07,Potato
55,71.12,30.12,Potato
57,80.19,27.87,Potato
58,77.44,27.97,Potato
54,77.0,28.46,Potato
52,72.38,28.8,Potato
58,68.69,29.17,Potato
56,67.12,30.0,Potato
55,68.75,29.85,Potato
47,68.12,28.9,Sugarcane
45,66.12,28.85,Sugarcane
45,64.81,28.8,Sugarcane
45,65.75,27.82,Sugarcane
45,61.0,28.61,Sugarcane
44,59.31,28.01,Sugarcane
46,68.25,28.86,Sugarcane
51,73.69,29.62,Sugarcane
46,69.88,30.36,Sugarcane
47,72.19,30.68,Sugarcane
50,77.88,29.41,Potato
55,78.94,28.82,Potato
56,82.81,27.04,Potato
53,78.44,26.8,Potato
51,72.25,26.71,Potato
51,69.44,28.23,Potato
52,73.44,28.48,Potato
50,78.94,28.33,Potato
50,79.94,28.92,Potato
52,74.62,29.97,Potato
51,80.19,28.77,Potato
50,76.38,29.29,Potato
48,70.12,30.14,Sugarcane
48,69.88,29.67,Sugarcane
47,71.31,30.15,Sugarcane
47,72.56,30.23,Sugarcane
50,73.62,29.2,Sugarcane
46,72.62,30.39,Sugarcane
52,80.69,29.62,Potato
52,87.94,27.9,Potato
58,81.5,29.44,Potato
52,73.19,30.8,Potato
51,75.0,31.08,Potato
55,77.31,30.69,Potato
60,83.06,28.83,Potato
56,78.12,29.23,Potato
55,76.31,29.9,Potato
52,74.5,31.21,Potato
51,70.69,31.73,Potato
51,73.19,31.35,Potato
51,73.31,32.16,Potato
51,74.5,32.28,Potato
51,84.94,29.76,Potato
55,81.56,29.81,Potato
58,81.12,29.51,Potato
57,84.94,28.8,Potato
55,82.81,29.69,Potato
53,79.31,30.73,Potato
59,82.88,29.93,Potato
56,80.62,29.57,Potato
55,80.38,29.65,Potato
54,77.06,30.66,Potato
56,78.75,30.37,Potato
53,75.31,30.76,Potato
52,74.88,31.51,Potato
52,79.81,30.39,Potato
52,81.25,29.74,Potato
51,78.75,30.61,Potato
51,77.81,30.85,Potato
59,84.44,29.65,Potato
70,91.06,28.66,Banana
66,89.5,28.45,Banana
73,87.06,28.16,Banana
71,86.19,28.67,Banana
72,86.38,28.41,Banana
73,91.12,27.83,Banana
70,87.19,28.42,Banana
69,86.12,28.0,Banana
68,84.31,29.61,Banana
68,87.44,28.78,Banana
70,86.0,29.22,Banana
74,86.56,29.2,Banana
77,90.38,28.37,Mango
80,88.19,29.32,Mango
88,88.06,29.3,Maize
91,91.81,28.08,Maize
91,92.19,27.37,Maize
88,88.25,28.01,Maize
86,87.44,28.07,Maize
86,87.06,28.69,Maize
86,87.56,28.86,Maize
86,90.12,28.89,Maize
88,87.88,29.42,Maize
87,87.06,29.5,Maize
86,88.44,28.97,Maize
86,89.94,28.66,Maize
86,90.62,28.48,Maize
90,91.44,28.27,Maize
90,92.19,27.78,Maize
91,88.69,28.39,Maize
91,90.25,28.16,Maize
90,87.75,28.99,Maize
89,86.88,29.62,Maize
89,89.56,29.52,Maize
91,93.81,28.56,Maize
93,92.94,28.09,Strawberry
95,95.06,27.11,Strawberry
95,94.38,27.15,Strawberry
96,91.81,27.38,Strawberry
95,89.75,27.93,Strawberry
95,91.88,27.74,Strawberry
95,91.19,27.83,Strawberry
95,92.75,27.82,Strawberry
95,94.75,27.21,Strawberry
96,93.06,27.37,Strawberry
96,93.19,26.8,Strawberry
97,94.62,26.03,Strawberry
97,90.94,27.06,Strawberry
96,88.12,28.02,Strawberry
95,91.81,27.08,Strawberry
97,94.38,26.73,Strawberry
97,92.75,26.71,Strawberry
96,91.69,26.65,Strawberry
95,90.12,27.33,Strawberry
95,89.44,28.01,Strawberry
94,88.06,28.4,Strawberry
93,87.88,28.66,Strawberry
93,89.56,28.06,Strawberry
92,86.94,28.88,Strawberry
92,88.06,28.53,Strawberry
92,88.94,28.24,Strawberry
92,89.06,28.29,Strawberry
92,90.81,28.34,Strawberry
92,91.25,28.3,Strawberry
92,89.69,28.75,Strawberry
92,90.81,28.63,Strawberry
92,91.38,28.17,Strawberry
92,91.25,28.16,Strawberry
92,91.12,28.26,Strawberry
92,90.5,28.65,Strawberry
93,93.0,28.43,Strawberry
94,93.44,27.56,Strawberry
92,88.94,28.36,Strawberry
92,91.12,27.87,Strawberry
94,88.19,28.67,Strawberry
95,90.75,28.28,Strawberry
95,90.69,28.05,Strawberry
92,92.19,27.84,Strawberry
93,91.69,27.68,Strawberry
93,90.31,28.26,Strawberry
94,91.88,28.32,Strawberry
93,94.0,27.87,Strawberry
93,93.38,27.34,Strawberry
93,90.62,27.48,Strawberry
93,90.31,27.55,Strawberry
92,89.56,27.87,Strawberry
92,89.44,28.05,Strawberry
91,87.69,28.65,Maize
91,91.25,27.69,Maize
91,87.44,28.16,Maize
91,81.56,29.33,Maize
91,88.31,27.8,Maize
91,85.94,28.24,Maize
90,80.44,29.5,Maize
90,89.12,28.12,Maize
90,91.06,27.72,Maize
90,90.31,28.24,Maize
89,89.94,28.35,Maize
88,79.56,29.72,Maize
88,81.12,30.15,Maize
90,93.81,27.4,Maize
91,94.62,27.02,Maize
91,93.5,27.51,Maize
90,90.75,28.41,Maize
91,92.69,27.59,Maize
90,90.88,27.62,Maize
89,85.81,28.24,Maize
91,75.44,28.1,Maize
91,71.94,27.88,Maize
90,75.5,27.68,Maize
89,80.38,28.39,Maize
88,78.38,29.19,Maize
88,82.19,28.95,Maize
88,89.69,28.44,Maize
88,89.06,28.29,Maize
88,83.62,28.41,Maize
87,82.56,28.01,Maize
88,86.44,27.76,Maize
89,90.69,27.19,Maize
90,94.31,26.45,Maize
90,88.56,27.6,Maize
89,85.38,28.19,Maize
88,84.19,27.58,Maize
88,87.44,26.72,Maize
88,89.12,26.45,Maize
88,87.94,25.86,Maize
88,85.31,26.25,Maize
87,81.31,26.65,Maize
87,78.06,27.05,Maize
86,77.94,26.55,Maize
85,79.19,26.67,Pineapple
84,75.62,26.77,Pineapple
84,72.5,26.56,Pineapple
84,71.19,26.9,Pineapple
84,75.25,26.58,Pineapple
83,72.44,25.9,Pineapple
83,73.12,24.59,Pineapple
83,71.62,24.44,Pineapple
83,72.88,24.21,Pineapple
80,71.94,24.16,Jute
80,75.62,25.43,Jute
80,78.62,25.12,Jute
80,88.69,24.61,Jute
80,87.12,24.31,Jute
80,85.5,25.1,Jute
82,81.06,25.28,Jute
80,76.25,25.13,Jute
81,70.75,25.25,Jute
80,69.19,25.0,Jute
82,76.69,24.12,Jute
80,74.44,22.83,Jute
74,77.94,22.9,Banana
73,76.88,23.53,Banana
73,74.5,23.64,Banana
72,75.88,23.15,Banana
71,74.06,22.9,Banana
71,72.81,23.11,Banana
70,75.88,23.23,Banana
70,74.69,23.11,Banana
70,74.62,22.9,Banana
69,80.44,22.96,Banana
68,76.38,22.41,Banana
67,72.06,22.66,Banana
66,72.38,22.85,Banana
66,71.56,22.71,Banana
66,68.12,22.12,Banana
65,62.25,21.42,Banana
64,66.75,21.58,Banana
64,65.62,21.19,Banana
63,64.81,20.91,Banana
62,71.88,21.5,Banana
62,71.62,22.14,Banana
62,78.06,22.8,Banana
61,73.81,22.91,Banana
61,75.5,22.06,Banana
61,78.25,22.73,Banana
60,75.06,22.56,Potato
59,70.31,21.55,Potato
59,66.44,21.39,Potato
59,71.25,21.38,Potato
59,69.56,21.19,Potato
58,70.25,21.48,Potato
57,70.81,20.86,Potato
57,68.56,20.69,Potato
56,78.81,21.24,Potato
56,77.5,22.12,Potato
56,68.62,20.94,Potato
55,68.75,19.69,Potato
55,58.69,17.37,Potato
55,55.0,16.41,Potato
55,77.62,16.12,Potato
54,68.31,16.06,Potato
54,52.81,15.67,Potato
53,54.5,15.64,Potato
53,58.44,16.55,Potato
52,59.69,16.82,Potato
52,58.38,16.76,Potato
52,69.62,17.36,Potato
52,62.31,16.11,Potato
51,65.0,16.21,Potato
51,62.25,17.16,Potato
51,54.19,17.23,Potato
50,56.56,17.94,Sugarcane
50,60.56,19.1,Sugarcane
49,65.44,19.29,Sugarcane
49,64.0,18.91,Sugarcane
48,59.88,18.51,Sugarcane
48,58.19,18.13,Sugarcane
48,53.75,17.8,Sugarcane
48,56.75,17.83,Sugarcane
48,57.88,18.76,Sugarcane
47,56.62,18.73,Sugarcane
47,72.75,19.87,Sugarcane
47,68.88,19.71,Sugarcane
46,59.62,18.14,Sugarcane
46,50.31,17.1,Sugarcane
46,52.31,17.19,Sugarcane
45,53.5,18.06,Sugarcane
45,51.12,17.96,Sugarcane
45,54.06,18.86,Sugarcane
45,52.75,18.4,Sugarcane
45,47.81,17.76,Sugarcane
45,49.31,19.26,Sugarcane
48,64.81,19.73,Sugarcane
47,81.19,18.55,Sugarcane
45,64.69,17.15,Sugarcane
45,58.94,16.44,Sugarcane
44,51.69,15.14,Wheat
44,48.81,15.32,Wheat
44,46.88,15.19,Wheat
44,52.12,16.42,Wheat
43,71.06,18.43,Wheat
43,66.88,19.49,Wheat
43,48.0,18.68,Wheat
42,61.25,20.16,Wheat
42,66.81,21.22,Wheat
42,63.81,21.66,Wheat
41,52.19,21.38,Wheat
41,52.31,20.37,Wheat
41,46.19,18.96,Wheat
41,44.31,19.1,Wheat
41,39.62,19.83,Wheat
41,64.5,20.88,Wheat
43,74.38,22.51,Wheat
41,64.75,22.78,Wheat
40,62.06,22.73,Wheat
44,72.81,24.01,Wheat
41,60.94,23.89,Wheat
40,55.69,23.78,Wheat
40,57.81,24.9,Wheat
39,44.44,24.89,Wheat
39,42.88,25.27,Wheat
38,46.94,26.08,Wheat
38,55.5,26.26,Wheat
38,60.88,26.91,Wheat
38,56.06,27.95,Wheat
38,61.38,27.75,Wheat
38,65.75,27.29,Wheat
43,61.31,25.95,Wheat
43,71.38,25.91,Wheat
42,64.81,26.3,Wheat
43,64.5,25.1,Wheat
41,50.19,26.3,Wheat
41,43.56,26.51,Wheat
40,44.38,26.77,Wheat
40,49.44,27.12,Wheat
39,51.56,27.45,Wheat
39,51.94,26.51,Wheat
38,48.81,27.25,Wheat
38,54.12,28.23,Wheat
42,49.94,27.19,Wheat
38,47.81,27.8,Wheat
38,50.5,28.71,Wheat
38,55.94,29.55,Wheat
38,52.81,29.85,Wheat
38,54.44,27.65,Wheat
37,53.44,28.83,Wheat
37,44.5,28.1,Wheat
36,45.38,27.76,Wheat
37,52.0,28.3,Wheat
36,42.5,28.35,Wheat
35,41.0,28.08,Wheat
41,67.19,28.17,Wheat
38,67.75,29.73,Wheat
38,64.88,30.35,Wheat
41,65.5,30.13,Wheat
37,61.5,30.01,Wheat
35,52.06,29.27,Wheat
35,36.31,28.91,Wheat
35,49.5,29.67,Wheat
35,63.12,30.58,Wheat
42,76.25,28.19,Wheat
42,71.94,28.96,Wheat
43,68.88,29.2,Wheat
44,83.62,26.08,Wheat
57,86.19,24.58,Potato
55,75.81,27.97,Potato
51,79.62,28.51,Potato
55,79.5,28.33,Potato
47,76.31,29.25,Sugarcane
46,73.75,30.41,Sugarcane
45,71.38,30.81,Sugarcane
44,67.0,30.94,Wheat
43,65.06,31.92,Wheat
42,63.0,32.67,Wheat
41,66.75,32.21,Wheat
41,65.75,32.74,Wheat
40,60.5,32.46,Wheat
44,68.81,31.78,Wheat
42,72.75,31.23,Wheat
43,71.56,31.33,Wheat
43,73.5,30.69,Wheat
42,70.5,31.08,Wheat
41,64.38,32.51,Wheat
41,66.56,31.33,Wheat
40,66.94,31.85,Wheat
39,67.56,32.19,Wheat
39,67.69,32.27,Wheat
38,64.44,33.49,Wheat
38,64.88,32.9,Wheat
38,65.31,32.94,Wheat
38,65.75,32.41,Wheat
38,66.38,32.09,Wheat
37,66.38,32.46,Wheat
37,64.38,32.55,Wheat
38,62.62,32.9,Wheat
51,75.69,30.2,Potato
51,73.62,30.32,Potato
48,75.62,29.67,Sugarcane
47,64.19,31.64,Sugarcane
49,66.0,31.36,Sugarcane
47,70.88,30.28,Sugarcane
50,70.38,30.45,Sugarcane
49,71.12,30.58,Sugarcane
45,68.69,30.56,Sugarcane
46,60.56,32.51,Sugarcane
49,60.69,32.81,Sugarcane
65,80.44,29.62,Banana
64,80.38,30.14,Banana
65,83.06,29.8,Banana
65,76.88,30.58,Banana
65,77.44,30.64,Banana
65,80.75,30.33,Banana
68,87.31,27.75,Banana
75,91.38,27.05,Banana
92,94.56,26.16,Strawberry
81,80.56,28.8,Jute
82,86.56,29.34,Jute
82,81.88,30.19,Jute
80,79.0,30.21,Jute
81,83.44,29.65,Jute
80,83.0,29.4,Jute
82,86.44,29.02,Jute
81,84.12,29.51,Jute
80,82.25,29.84,Jute
80,86.69,29.29,Jute
82,84.88,29.37,Jute
80,83.88,29.67,Jute
82,82.94,29.93,Jute
80,84.94,29.78,Jute
81,88.25,29.22,Jute
82,87.94,28.51,Jute
85,93.31,27.93,Pineapple
85,91.88,28.01,Pineapple
84,92.94,27.5,Pineapple
83,86.06,28.79,Pineapple
84,88.81,29.55,Pineapple
84,92.81,28.57,Pineapple
84,93.94,27.91,Pineapple
84,89.75,28.65,Pineapple
84,91.88,28.31,Pineapple
84,88.69,28.59,Pineapple
85,88.56,28.38,Pineapple
84,90.06,28.16,Pineapple
84,89.94,28.15,Pineapple
84,86.88,28.94,Pineapple
83,87.38,29.01,Pineapple
84,88.81,28.27,Pineapple
83,87.31,28.76,Pineapple
83,87.88,28.95,Pineapple
83,84.88,29.65,Pineapple
82,86.44,29.64,Pineapple
83,87.56,29.39,Pineapple
84,87.81,29.62,Pineapple
83,87.0,29.94,Pineapple
83,88.81,29.12,Pineapple
81,89.69,29.05,Pineapple
84,93.25,28.37,Maize
91,91.38,28.37,Maize
91,92.56,27.99,Maize
91,92.31,28.08,Maize
90,89.56,28.87,Maize
90,89.19,29.05,Maize
91,89.5,28.87,Maize
91,91.12,28.29,Maize
91,89.06,28.52,Maize
90,89.12,28.6,Maize
90,89.81,28.62,Maize
91,89.31,28.99,Maize
91,89.5,28.95,Maize
91,91.56,28.27,Maize
93,93.19,27.51,Strawberry
94,90.56,27.98,Strawberry
94,90.88,27.87,Strawberry
95,91.12,28.19,Strawberry
94,90.75,28.51,Strawberry
93,89.94,28.49,Strawberry
93,92.19,27.43,Strawberry
94,90.94,27.78,Strawberry
94,92.31,27.32,Strawberry
94,94.19,27.01,Strawberry
94,89.44,27.48,Strawberry
92,84.44,28.74,Strawberry
92,87.88,28.26,Strawberry
92,86.94,28.51,Strawberry
92,88.62,27.97,Strawberry
93,89.56,27.62,Strawberry
95,89.25,27.9,Strawberry
94,91.12,27.65,Strawberry
94,90.38,28.49,Strawberry
93,90.62,28.33,Strawberry
92,91.62,27.89,Strawberry
93,93.44,27.55,Strawberry
93,92.12,27.87,Strawberry
92,89.88,28.32,Strawberry
93,92.25,27.46,Strawberry
94,94.88,26.84,Strawberry
94,91.06,28.12,Strawberry
93,89.5,28.67,Strawberry
93,89.19,28.98,Strawberry
93,89.88,28.4,Strawberry
93,88.44,29.06,Strawberry
93,88.94,28.82,Strawberry
94,93.0,27.4,Strawberry
93,90.75,28.04,Strawberry
92,87.69,28.86,Strawberry
94,85.06,29.69,Strawberry
96,94.25,27.37,Strawberry
95,87.88,27.73,Strawberry
94,82.5,28.89,Strawberry
93,88.94,28.4,Strawberry
93,83.94,29.4,Strawberry
93,89.44,28.25,Strawberry
93,86.44,29.15,Strawberry
95,92.81,27.82,Strawberry
95,83.44,29.08,Strawberry
95,90.19,28.56,Strawberry
95,91.75,27.99,Strawberry
95,93.19,27.64,Strawberry
95,91.38,28.24,Strawberry
95,90.38,28.54,Strawberry
95,91.25,28.26,Strawberry
95,91.5,28.23,Strawberry
95,92.56,27.48,Strawberry
93,89.06,28.27,Strawberry
92,90.25,27.96,Strawberry
92,88.94,28.38,Strawberry
94,87.62,28.54,Strawberry
94,89.5,28.08,Strawberry
92,88.31,27.94,Strawberry
92,92.38,26.74,Strawberry
92,87.69,28.08,Strawberry
91,86.81,28.58,Maize
91,85.81,28.94,Maize
91,87.75,28.53,Maize
91,87.38,28.62,Maize
91,87.62,28.42,Maize
91,88.69,27.94,Maize
91,86.12,28.15,Maize
90,87.62,27.72,Maize
90,87.88,28.05,Maize
91,91.25,27.76,Maize
90,89.69,27.84,Maize
90,87.06,28.12,Maize
91,83.12,28.84,Maize
91,86.81,28.57,Maize
91,88.62,28.64,Maize
91,86.88,28.54,Maize
91,84.0,28.74,Maize
91,86.62,28.12,Maize
91,81.81,28.83,Maize
91,84.12,28.77,Maize
93,87.31,28.21,Strawberry
94,88.75,27.87,Strawberry
94,88.56,27.78,Strawberry
94,92.69,27.17,Strawberry
94,91.69,27.14,Strawberry
94,93.56,26.93,Strawberry
94,94.62,26.88,Strawberry
95,92.56,27.15,Strawberry
94,79.94,27.5,Strawberry
93,81.5,26.94,Strawberry
92,84.12,25.98,Strawberry
91,85.56,26.31,Maize
91,87.0,26.82,Maize
90,85.25,27.07,Maize
90,86.25,26.83,Maize
89,83.81,26.26,Maize
88,81.12,25.44,Maize
88,80.06,25.12,Maize
88,82.81,24.72,Maize
87,86.81,25.26,Maize
86,84.12,26.3,Maize
86,82.69,26.58,Maize
88,82.81,27.42,Maize
87,81.62,27.32,Maize
88,83.88,26.95,Maize
88,85.94,27.07,Maize
87,81.12,27.08,Maize
86,81.88,27.3,Maize
86,81.31,27.52,Maize
86,84.06,26.67,Maize
87,84.25,26.12,Maize
91,91.44,23.55,Maize
91,91.94,23.98,Maize
91,89.56,24.12,Maize
91,84.25,23.49,Maize
91,80.69,23.01,Maize
91,81.75,22.98,Maize
91,79.0,22.24,Maize
91,75.81,22.66,Maize
90,79.0,22.7,Maize
89,84.69,22.41,Maize
89,81.19,20.86,Maize
88,83.56,20.77,Maize
88,82.81,20.42,Maize
88,84.75,20.52,Maize
88,83.44,20.79,Maize
87,79.31,20.66,Maize
87,78.0,20.55,Maize
86,80.31,20.76,Maize
86,78.38,21.12,Maize
85,75.81,21.01,Pineapple
85,75.0,20.81,Pineapple
84,75.44,21.7,Pineapple
84,74.19,22.16,Pineapple
84,77.44,22.01,Pineapple
84,82.56,22.06,Pineapple
84,78.81,21.94,Pineapple
83,76.69,21.95,Pineapple
83,77.0,22.02,Pineapple
83,86.06,21.26,Pineapple
83,85.94,21.07,Pineapple
81,85.31,20.58,Jute
81,82.31,20.87,Jute
80,79.5,20.65,Jute
80,79.81,20.06,Jute
80,84.56,20.01,Jute
80,84.0,19.3,Jute
79,83.81,19.15,Mango
79,82.88,18.93,Mango
78,79.44,17.12,Mango
78,82.31,17.01,Mango
77,83.62,17.67,Mango
77,83.75,18.16,Mango
77,84.69,19.05,Mango
77,81.12,19.15,Mango
78,83.44,18.98,Mango
78,80.5,18.62,Mango
76,72.44,16.79,Mango
78,76.94,17.91,Mango
76,76.31,18.76,Mango
77,74.88,19.51,Mango
76,74.12,20.01,Mango
77,77.25,20.19,Mango
76,82.75,19.4,Mango
76,82.62,18.37,Mango
76,79.81,18.55,Mango
76,81.75,18.57,Mango
72,77.12,18.7,Banana
72,74.5,18.77,Banana
71,73.0,18.55,Banana
70,80.38,18.71,Banana
70,81.75,18.85,Banana
70,77.12,17.86,Banana
69,73.56,16.94,Banana
68,72.44,16.83,Banana
68,70.81,16.96,Banana
67,70.12,17.55,Banana
66,74.88,18.17,Banana
66,80.0,17.73,Banana
66,73.75,16.65,Banana
65,65.56,14.96,Banana
66,62.75,13.37,Banana
65,70.0,13.91,Banana
64,68.81,14.82,Banana
64,60.94,15.15,Banana
63,66.19,16.19,Banana
62,72.0,16.95,Banana
62,66.88,16.68,Banana
62,64.94,16.57,Banana
61,67.75,16.77,Banana
60,64.12,16.66,Banana
60,61.69,17.34,Banana
59,60.81,18.11,Potato
59,57.44,18.84,Potato
59,65.19,20.02,Potato
58,69.5,20.05,Potato
57,71.56,18.81,Potato
56,65.12,18.37,Potato
56,57.12,18.23,Potato
55,57.81,18.5,Potato
55,64.88,18.09,Potato
55,61.12,17.77,Potato
54,62.5,18.89,Potato
53,57.62,19.92,Potato
52,67.06,20.67,Potato
52,57.81,20.6,Potato
52,52.88,20.12,Potato
51,46.31,19.44,Potato
51,49.12,19.8,Potato
51,52.5,20.8,Potato
49,55.38,21.22,Sugarcane
49,55.38,21.21,Sugarcane
48,56.19,22.23,Sugarcane
48,57.06,22.15,Sugarcane
48,52.56,21.79,Sugarcane
47,47.62,21.67,Sugarcane
46,48.31,22.44,Sugarcane
46,58.06,22.8,Sugarcane
46,70.69,24.31,Sugarcane
45,77.94,25.19,Sugarcane
45,74.56,25.87,Sugarcane
49,76.62,25.08,Sugarcane
45,44.62,22.71,Sugarcane
45,35.62,20.87,Sugarcane
45,34.0,21.12,Sugarcane
48,43.19,21.94,Sugarcane
47,36.5,22.55,Sugarcane
45,36.88,23.0,Sugarcane
45,53.69,24.22,Sugarcane
47,62.94,25.8,Sugarcane
45,66.25,25.73,Sugarcane
49,71.12,25.98,Sugarcane
53,80.88,24.8,Potato
53,69.81,24.81,Potato
57,65.75,24.37,Potato
58,80.12,24.2,Potato
59,79.94,25.32,Potato
72,90.81,24.65,Banana
72,74.0,23.62,Banana
67,56.31,21.69,Banana
65,42.94,20.9,Banana
63,43.69,20.76,Banana
62,42.94,21.08,Banana
62,55.38,21.67,Banana
64,82.25,23.44,Banana
63,71.12,24.12,Banana
65,75.31,22.32,Banana
62,65.94,23.06,Banana
61,69.44,23.94,Banana
67,74.25,25.54,Banana
64,77.88,26.24,Banana
64,84.56,25.98,Banana
61,81.0,26.54,Banana
61,79.81,27.44,Banana
61,82.06,27.28,Banana
61,83.94,27.04,Banana
67,82.25,27.66,Banana
69,82.81,27.82,Banana
64,81.88,27.57,Banana
69,81.12,27.6,Banana
67,83.75,27.3,Banana
62,84.06,27.34,Banana
69,86.31,26.76,Banana
74,85.94,27.26,Banana
70,85.0,27.98,Banana
66,84.44,28.23,Banana
64,79.81,28.68,Banana
62,76.12,28.39,Banana
62,72.5,28.18,Banana
60,71.0,27.71,Banana
59,70.5,27.95,Potato
58,70.81,27.49,Potato
57,79.88,27.19,Potato
57,81.0,27.32,Potato
59,70.06,27.63,Potato
57,78.31,28.48,Potato
57,87.12,27.66,Potato
57,88.69,27.28,Potato
57,92.81,26.41,Potato
91,91.75,26.46,Maize
91,90.0,27.19,Maize
91,89.88,27.33,Maize
90,90.0,27.9,Maize
89,90.69,27.78,Maize
88,90.56,27.18,Maize
88,89.94,26.69,Maize
88,88.88,27.55,Maize
87,90.5,27.3,Maize
88,91.12,26.62,Maize
91,82.56,27.26,Maize
89,81.31,27.76,Maize
88,83.69,28.08,Maize
88,86.25,27.98,Maize
87,87.81,28.03,Maize
86,88.94,27.58,Maize
86,87.25,27.76,Maize
86,88.12,27.0,Maize
88,81.44,26.88,Maize
86,82.31,28.36,Maize
86,76.31,29.37,Maize
86,81.81,29.16,Maize
86,85.56,29.11,Maize
88,90.19,28.73,Maize
90,88.75,28.57,Maize
90,85.12,29.21,Maize
89,87.25,29.19,Maize
91,90.88,29.05,Maize
89,88.56,29.08,Maize
88,89.94,28.98,Maize
88,88.25,28.99,Maize
88,87.19,29.44,Maize
87,87.62,29.37,Maize
87,87.75,29.31,Maize
86,80.44,29.87,Maize
86,81.75,29.62,Maize
86,79.81,29.61,Maize
86,81.81,28.66,Maize
89,93.81,27.12,Maize
90,92.12,28.08,Maize
94,94.31,28.35,Strawberry
93,92.31,28.43,Strawberry
94,92.31,28.8,Strawberry
94,93.44,28.79,Strawberry
94,94.0,28.38,Strawberry
95,89.56,28.96,Strawberry
94,84.69,29.4,Strawberry
93,85.94,29.42,Strawberry
93,90.25,28.62,Strawberry
93,90.06,28.18,Strawberry
95,93.19,28.01,Strawberry
97,93.62,27.74,Strawberry
97,94.81,28.26,Strawberry
97,92.31,28.15,Strawberry
97,92.31,27.49,Strawberry
97,91.38,27.87,Strawberry
97,91.44,28.21,Strawberry
97,94.0,28.3,Strawberry
98,95.56,27.9,Strawberry
98,93.12,27.51,Strawberry
98,91.56,27.65,Strawberry
98,91.19,28.22,Strawberry
97,89.19,28.36,Strawberry
96,89.94,28.62,Strawberry
95,90.19,28.37,Strawberry
95,90.81,28.58,Strawberry
94,92.75,27.87,Strawberry
94,92.62,28.33,Strawberry
93,92.5,28.34,Strawberry
93,93.38,28.18,Strawberry
95,93.88,28.12,Strawberry
95,90.5,28.83,Strawberry
96,93.06,28.21,Strawberry
97,94.12,27.9,Strawberry
96,91.56,28.42,Strawberry
95,89.5,28.8,Strawberry
95,88.38,28.9,Strawberry
94,92.12,27.98,Strawberry
94,90.88,28.24,Strawberry
94,92.12,28.04,Strawberry
95,93.75,27.73,Strawberry
95,91.75,27.57,Strawberry
95,93.12,27.25,Strawberry
95,92.12,27.61,Strawberry
95,89.12,28.36,Strawberry
94,91.94,27.58,Strawberry
94,85.56,28.99,Strawberry
94,91.44,28.35,Strawberry
95,93.81,27.52,Strawberry
98,94.44,27.41,Strawberry
98,92.62,28.27,Strawberry
98,91.44,28.13,Strawberry
98,92.62,27.73,Strawberry
98,94.06,27.03,Strawberry
98,94.12,26.84,Strawberry
98,90.88,27.58,Strawberry
98,89.75,27.98,Strawberry
98,88.62,28.73,Strawberry
97,91.94,28.02,Strawberry
96,89.0,28.51,Strawberry
95,87.56,29.21,Strawberry
95,90.75,28.49,Strawberry
95,89.81,28.77,Strawberry
96,88.88,29.45,Strawberry
97,88.5,28.98,Strawberry
96,91.06,28.73,Strawberry
96,88.88,28.74,Strawberry
96,90.31,28.55,Strawberry
97,91.25,28.55,Strawberry
96,91.25,28.4,Strawberry
96,92.44,28.25,Strawberry
98,93.88,27.98,Strawberry
99,95.19,27.8,Strawberry
98,92.12,27.48,Strawberry
98,90.62,28.27,Strawberry
98,90.94,28.41,Strawberry
99,92.44,28.1,Strawberry
98,90.44,28.29,Strawberry
97,91.38,28.06,Strawberry
96,90.0,28.22,Strawberry
95,89.19,28.36,Strawberry
94,83.12,29.35,Strawberry
95,86.69,28.52,Strawberry
96,84.62,29.51,Strawberry
96,90.75,28.21,Strawberry
95,89.88,28.55,Strawberry
96,93.44,27.85,Strawberry
96,90.5,28.09,Strawberry
96,91.62,27.52,Strawberry
95,92.5,27.8,Strawberry
95,89.44,28.16,Strawberry
96,91.06,27.91,Strawberry
97,95.19,27.45,Strawberry
96,91.56,27.94,Strawberry
96,91.44,27.99,Strawberry
95,91.25,27.87,Strawberry
95,89.44,28.12,Strawberry
95,88.12,28.31,Strawberry
95,91.75,27.68,Strawberry
95,90.12,27.99,Strawberry
95,90.0,27.64,Strawberry
97,93.81,27.18,Strawberry
97,91.0,27.8,Strawberry
97,89.88,27.94,Strawberry
97,90.69,27.97,Strawberry
96,88.5,28.31,Strawberry
95,82.56,29.15,Strawberry
95,81.19,29.51,Strawberry
95,91.31,28.8,Strawberry
95,93.0,27.83,Strawberry
96,93.19,27.67,Strawberry
96,92.81,27.96,Strawberry
96,92.06,28.19,Strawberry
95,89.75,28.3,Strawberry
95,87.75,28.9,Strawberry
95,82.12,29.5,Strawberry
94,85.0,29.34,Strawberry
94,86.12,29.15,Strawberry
94,85.0,28.06,Strawberry
95,90.5,27.57,Strawberry
96,93.62,27.09,Strawberry
98,94.0,27.41,Strawberry
97,87.56,27.61,Strawberry
97,91.5,27.26,Strawberry
97,84.19,27.92,Strawberry
96,84.06,28.22,Strawberry
95,86.94,28.29,Strawberry
95,86.19,28.51,Strawberry
95,93.56,26.91,Strawberry
95,93.38,26.4,Strawberry
96,93.75,26.44,Strawberry
95,87.0,27.71,Strawberry
95,85.44,28.08,Strawberry
94,88.19,28.05,Strawberry
93,89.12,27.96,Strawberry
92,88.5,27.98,Strawberry
93,82.38,28.27,Strawberry
92,78.38,27.18,Strawberry
91,81.62,27.37,Maize
91,90.06,27.37,Maize
91,92.12,26.57,Maize
91,95.44,26.19,Maize
90,94.75,25.95,Maize
91,87.31,25.34,Maize
87,84.12,25.28,Maize
87,86.06,25.35,Maize
87,81.44,25.74,Maize
88,79.5,24.01,Maize
91,74.75,22.87,Maize
91,76.31,23.22,Maize
88,72.62,23.49,Maize
88,82.62,23.25,Maize
88,85.5,23.15,Maize
88,83.31,23.0,Maize
87,80.69,23.1,Maize
87,83.19,23.37,Maize
90,80.31,24.83,Maize
90,83.44,25.07,Maize
89,83.56,24.18,Maize
89,81.44,23.8,Maize
88,77.88,23.3,Maize
88,68.94,22.93,Maize
88,76.5,22.32,Maize
87,78.81,22.62,Maize
87,82.19,22.67,Maize
87,83.5,22.91,Maize
86,83.88,22.8,Maize
87,92.44,22.89,Maize
87,92.5,22.58,Maize
86,87.38,24.13,Maize
87,85.94,24.76,Maize
86,87.0,24.51,Maize
85,84.69,23.1,Pineapple
85,85.56,22.0,Pineapple
84,78.5,19.68,Pineapple
84,76.81,18.8,Pineapple
84,83.06,18.67,Pineapple
84,75.56,18.3,Pineapple
84,80.19,18.42,Pineapple
83,80.38,18.98,Pineapple
83,71.69,18.4,Pineapple
83,77.12,18.15,Pineapple
82,81.88,18.58,Jute
82,79.25,18.9,Jute
81,76.5,18.98,Jute
81,75.38,18.55,Jute
80,76.56,18.53,Jute
80,73.0,18.88,Jute
80,74.62,18.94,Jute
80,73.81,19.82,Jute
80,87.56,19.28,Jute
79,91.75,21.23,Jute
79,92.88,23.01,Jute
80,93.31,23.01,Jute
80,85.25,22.02,Jute
80,81.12,21.19,Jute
80,80.38,20.12,Jute
80,79.69,18.75,Jute
79,79.12,18.01,Jute
82,84.62,17.89,Jute
82,86.69,18.43,Jute
82,84.88,18.6,Jute
82,83.5,19.4,Jute
82,85.69,19.58,Jute
82,78.44,18.99,Jute
82,82.12,18.81,Jute
82,85.88,18.48,Jute
82,85.88,18.8,Jute
82,87.88,19.4,Jute
82,86.12,18.11,Jute
82,87.19,18.35,Jute
81,87.19,18.78,Jute
81,81.12,18.7,Jute
82,80.94,18.53,Jute
82,80.12,19.05,Jute
82,88.0,18.26,Jute
81,83.06,16.4,Jute
81,78.75,14.01,Jute
81,84.06,14.48,Jute
80,78.0,13.87,Jute
80,73.06,12.42,Jute
80,70.56,11.84,Jute
80,73.81,12.06,Jute
80,74.5,12.3,Jute
79,78.94,11.98,Mango
79,80.19,13.01,Mango
79,80.0,14.23,Mango
79,87.19,14.67,Mango
78,82.44,14.56,Mango
78,78.69,14.76,Mango
77,77.69,15.51,Mango
77,77.69,16.04,Mango
77,75.56,15.45,Mango
77,65.75,14.64,Mango
76,71.94,14.87,Mango
76,73.69,15.27,Mango
76,69.5,15.65,Mango
76,65.06,15.56,Mango
77,71.62,16.72,Mango
77,70.38,16.06,Mango
77,70.0,14.93,Mango
77,65.75,13.83,Mango
76,61.62,14.0,Mango
76,61.06,14.6,Mango
72,71.25,15.55,Banana
72,75.0,17.08,Banana
71,70.38,17.43,Banana
70,74.19,17.96,Banana
70,78.12,18.86,Banana
70,81.94,19.68,Banana
69,77.12,19.65,Banana
68,70.38,19.23,Banana
67,71.44,19.91,Banana
66,72.0,19.76,Banana
66,75.62,20.37,Banana
66,61.38,19.03,Banana
65,60.62,18.62,Banana
64,68.0,19.81,Banana
63,70.81,20.18,Banana
62,66.81,19.59,Banana
62,61.88,18.32,Banana
61,54.75,18.72,Banana
60,54.31,19.72,Banana
60,57.62,20.44,Banana
59,61.62,21.48,Potato
59,61.25,22.11,Potato
58,59.38,22.32,Potato
57,63.0,23.05,Potato
56,70.62,23.82,Potato
55,71.19,23.98,Potato
55,71.75,23.71,Potato
57,70.12,23.94,Potato
57,68.06,24.12,Potato
55,60.81,24.16,Potato
55,61.5,24.1,Potato
53,66.81,24.79,Potato
52,75.25,26.21,Potato
52,70.12,26.02,Potato
51,55.62,25.75,Potato
50,48.56,24.63,Sugarcane
49,47.25,23.23,Sugarcane
48,49.44,23.71,Sugarcane
48,43.81,23.87,Sugarcane
48,52.38,24.42,Sugarcane
47,62.81,25.73,Sugarcane
46,63.56,26.23,Sugarcane
45,69.94,26.41,Sugarcane
45,68.56,27.07,Sugarcane
45,71.31,26.72,Sugarcane
44,66.25,28.03,Wheat
44,59.5,27.82,Wheat
43,61.19,27.97,Wheat
42,45.31,27.24,Wheat
42,51.75,27.3,Wheat
41,60.81,27.98,Wheat
41,62.06,28.19,Wheat
41,68.88,28.92,Wheat
41,60.81,30.09,Wheat
41,61.0,30.05,Wheat
44,67.12,29.27,Wheat
42,68.81,29.51,Wheat
41,67.31,29.23,Wheat
40,68.5,29.19,Wheat
40,80.31,25.47,Wheat
40,65.81,25.55,Wheat
43,68.31,25.73,Wheat
43,61.12,27.86,Wheat
43,58.19,29.14,Wheat
43,64.25,27.94,Wheat
43,74.62,27.71,Wheat
43,77.38,26.98,Wheat
43,78.94,26.42,Wheat
43,75.06,27.52,Wheat
42,72.06,28.4,Wheat
42,73.62,28.5,Wheat
42,70.5,28.95,Wheat
43,71.31,28.65,Wheat
43,74.19,29.15,Wheat
54,73.25,29.4,Potato
54,67.31,30.04,Potato
55,72.69,28.89,Potato
59,78.31,28.47,Potato
64,84.62,28.21,Banana
63,83.25,28.48,Banana
69,85.44,28.37,Banana
71,86.25,28.25,Banana
73,82.62,28.44,Banana
73,76.5,28.93,Banana
67,82.06,27.95,Banana
73,82.62,27.41,Banana
75,83.62,26.05,Banana
75,78.56,27.21,Banana
80,84.88,26.86,Jute
80,89.88,26.4,Jute
81,84.5,27.19,Jute
81,85.69,27.25,Jute
81,86.06,27.2,Jute
82,85.88,27.37,Jute
82,88.38,27.66,Jute
82,87.56,28.21,Jute
81,88.94,28.23,Jute
81,87.19,28.76,Jute
81,88.81,28.55,Jute
85,88.75,28.14,Pineapple
85,87.5,27.92,Pineapple
84,85.75,27.84,Pineapple
84,86.06,27.65,Pineapple
85,87.0,27.37,Pineapple
86,86.19,27.4,Maize
88,89.31,26.72,Maize
88,86.06,27.47,Maize
91,87.25,28.12,Maize
91,87.38,28.22,Maize
91,86.38,28.6,Maize
91,88.38,28.44,Maize
90,87.69,28.44,Maize
93,91.06,27.83,Strawberry
92,92.56,27.51,Strawberry
92,92.44,27.89,Strawberry
93,92.12,28.11,Strawberry
93,91.12,28.15,Strawberry
92,88.88,28.55,Strawberry
92,81.19,28.98,Strawberry
93,82.62,29.33,Strawberry
94,91.94,28.42,Strawberry
93,90.81,27.48,Strawberry
94,89.38,27.75,Strawberry
94,88.5,28.65,Strawberry
94,91.25,28.55,Strawberry
94,85.44,27.93,Strawberry
94,85.19,29.19,Strawberry
93,87.56,29.08,Strawberry
93,88.5,29.11,Strawberry
93,90.31,28.75,Strawberry
95,92.31,28.12,Strawberry
95,95.31,28.02,Strawberry
96,94.25,28.13,Strawberry
96,93.62,28.18,Strawberry
96,93.19,28.81,Strawberry
96,93.38,28.55,Strawberry
96,92.62,28.32,Strawberry
95,88.62,29.09,Strawberry
95,89.44,29.0,Strawberry
95,90.69,28.95,Strawberry
95,92.75,28.31,Strawberry
95,90.75,28.57,Strawberry
95,91.0,28.4,Strawberry
95,91.94,28.1,Strawberry
96,93.44,27.65,Strawberry
96,90.81,28.65,Strawberry
96,91.0,28.45,Strawberry
95,91.5,27.9,Strawberry
95,91.25,27.92,Strawberry
94,90.25,28.16,Strawberry
94,90.44,28.3,Strawberry
93,92.25,28.1,Strawberry
93,91.31,28.55,Strawberry
95,93.12,27.78,Strawberry
95,93.38,27.89,Strawberry
95,87.62,29.07,Strawberry
95,88.38,29.19,Strawberry
93,88.94,29.17,Strawberry
90,89.75,28.63,Maize
90,89.75,28.78,Maize
90,91.75,28.45,Maize
91,90.06,28.79,Maize
91,91.75,28.33,Maize
91,90.62,28.72,Maize
91,89.56,28.86,Maize
91,90.56,28.71,Maize
91,89.56,28.77,Maize
91,89.25,28.95,Maize
90,87.5,29.66,Maize
89,82.25,30.8,Maize
89,88.81,29.93,Maize
91,92.0,28.34,Maize
91,90.69,28.08,Maize
89,92.31,28.15,Maize
89,92.25,28.11,Maize
89,92.38,28.15,Maize
89,92.25,27.79,Maize
88,90.69,28.19,Maize
89,92.19,27.96,Maize
89,92.12,28.13,Maize
96,91.19,28.0,Strawberry
96,91.62,27.48,Strawberry
96,91.62,27.94,Strawberry
95,91.56,27.59,Strawberry
95,91.62,27.93,Strawberry
95,89.75,28.48,Strawberry
95,89.25,28.66,Strawberry
95,89.75,28.23,Strawberry
94,90.25,27.97,Strawberry
93,91.38,27.89,Strawberry
92,88.81,28.71,Strawberry
92,87.38,29.19,Strawberry
91,90.75,28.47,Maize
91,89.06,28.6,Maize
91,89.06,28.8,Maize
91,91.56,28.44,Maize
91,91.5,28.1,Maize
91,89.25,28.91,Maize
91,88.69,28.37,Maize
91,89.12,28.6,Maize
89,90.25,28.46,Maize
89,90.69,28.74,Maize
89,91.81,28.42,Maize
89,90.44,28.8,Maize
89,91.44,28.63,Maize
89,93.19,28.06,Maize
89,90.25,28.62,Maize
91,86.38,28.64,Maize
91,91.56,27.95,Maize
91,92.38,27.94,Maize
91,90.0,28.39,Maize
91,90.94,28.29,Maize
90,89.31,28.71,Maize
91,91.44,28.15,Maize
90,90.31,28.05,Maize
91,89.62,28.39,Maize
90,86.06,28.89,Maize
91,89.44,28.24,Maize
90,89.81,27.34,Maize
89,89.12,27.8,Maize
88,87.44,28.31,Maize
88,90.75,27.51,Maize
88,88.25,28.11,Maize
88,88.94,28.28,Maize
89,92.06,27.65,Maize
89,89.94,28.01,Maize
89,90.25,27.76,Maize
88,85.62,28.21,Maize
88,84.94,28.29,Maize
88,85.0,28.75,Maize
87,85.56,28.62,Maize
87,86.12,28.59,Maize
88,88.44,28.06,Maize
88,91.25,27.57,Maize
87,80.88,28.63,Maize
86,83.44,28.65,Maize
86,85.44,28.26,Maize
86,88.94,28.05,Maize
86,86.75,28.35,Maize
86,89.81,27.76,Maize
87,81.44,28.4,Maize
86,80.69,28.76,Maize
85,79.19,29.07,Pineapple
84,77.56,28.26,Pineapple
84,74.0,27.82,Pineapple
83,77.81,28.09,Pineapple
83,70.56,28.19,Pineapple
83,74.06,28.3,Pineapple
83,75.25,28.1,Pineapple
83,74.31,27.6,Pineapple
80,73.19,27.68,Jute
80,80.62,27.51,Jute
80,88.31,26.05,Jute
80,93.88,24.56,Jute
82,90.69,25.79,Jute
82,93.69,25.26,Jute
82,86.38,25.81,Jute
81,74.25,25.7,Jute
80,74.75,25.15,Jute
80,68.25,24.99,Jute
80,70.44,25.21,Jute
80,75.31,25.76,Jute
80,75.12,25.9,Jute
80,77.69,25.49,Jute
80,75.25,25.21,Jute
80,79.31,25.18,Jute
81,77.69,24.61,Jute
81,72.44,23.87,Jute
81,70.38,23.45,Jute
81,69.75,23.87,Jute
81,81.88,23.9,Jute
81,87.94,23.56,Jute
74,92.31,22.82,Banana
73,87.5,23.65,Banana
72,76.56,25.44,Banana
71,75.56,25.72,Banana
71,79.25,25.28,Banana
70,81.88,24.96,Banana
70,84.25,25.15,Banana
74,82.44,25.13,Banana
72,81.06,23.94,Banana
70,74.25,22.64,Banana
70,67.12,21.97,Banana
69,61.81,22.23,Banana
68,67.56,21.9,Banana
67,72.0,22.23,Banana
66,69.94,22.33,Banana
66,65.44,22.65,Banana
66,70.31,22.78,Banana
65,69.81,23.25,Banana
64,70.38,22.88,Banana
64,73.88,21.81,Banana
63,70.88,20.65,Banana
62,64.69,20.33,Banana
62,70.94,20.76,Banana
62,70.88,21.13,Banana
61,69.56,21.9,Banana
61,71.69,21.8,Banana
60,71.06,21.26,Potato
59,73.62,21.01,Potato
59,75.81,21.47,Potato
59,73.81,21.7,Potato
58,64.19,21.36,Potato
58,60.88,20.62,Potato
57,61.88,20.3,Potato
56,64.06,20.41,Potato
56,67.0,20.37,Potato
55,68.81,20.36,Potato
55,75.06,20.63,Potato
55,72.0,20.21,Potato
54,72.5,19.52,Potato
54,69.75,18.55,Potato
53,74.44,19.4,Potato
53,64.38,19.67,Potato
52,61.56,19.69,Potato
52,62.88,20.13,Potato
52,67.0,19.88,Potato
52,67.81,19.86,Potato
51,63.31,19.59,Potato
51,62.38,20.01,Potato
55,76.62,20.12,Potato
55,88.38,20.73,Potato
58,78.56,18.95,Potato
55,76.56,17.44,Potato
55,78.38,17.87,Potato
55,75.5,17.48,Potato
54,70.94,17.64,Potato
53,68.75,17.65,Potato
53,65.69,17.03,Potato
53,64.69,15.47,Potato
52,60.19,14.94,Potato
52,55.69,14.44,Potato
52,60.81,13.76,Potato
52,68.69,16.01,Potato
51,66.88,17.53,Potato
50,64.88,18.05,Sugarcane
50,63.12,17.73,Sugarcane
49,61.5,17.36,Sugarcane
49,63.06,15.73,Sugarcane
49,63.56,16.6,Sugarcane
48,57.06,17.59,Sugarcane
48,52.56,17.9,Sugarcane
48,57.5,18.07,Sugarcane
48,60.94,18.05,Sugarcane
47,61.94,17.22,Sugarcane
47,55.44,16.37,Sugarcane
47,54.81,16.65,Sugarcane
46,55.56,17.73,Sugarcane
46,63.06,18.06,Sugarcane
46,59.81,17.19,Sugarcane
45,56.5,17.1,Sugarcane
45,57.0,17.68,Sugarcane
45,53.75,17.27,Sugarcane
45,57.31,16.8,Sugarcane
45,59.69,17.28,Sugarcane
45,59.06,18.53,Sugarcane
44,53.75,19.3,Wheat
44,49.88,19.34,Wheat
43,57.0,19.94,Wheat
43,56.0,20.4,Wheat
43,54.94,21.08,Wheat
42,58.19,21.6,Wheat
42,61.44,21.33,Wheat
42,55.62,19.8,Wheat
41,50.38,17.03,Wheat
41,47.5,18.39,Wheat
41,44.12,19.08,Wheat
41,50.38,19.63,Wheat
41,46.88,19.48,Wheat
41,46.44,19.43,Wheat
40,42.31,19.12,Wheat
40,36.88,19.11,Wheat
40,46.25,20.42,Wheat
39,50.5,22.09,Wheat
40,63.19,23.08,Wheat
39,55.62,20.53,Wheat
38,43.62,18.51,Wheat
38,50.75,20.11,Wheat
38,49.44,21.13,Wheat
38,42.88,22.03,Wheat
38,42.25,22.78,Wheat
38,51.06,22.59,Wheat
43,68.0,20.71,Wheat
41,52.25,20.2,Wheat
39,65.69,22.62,Wheat
38,66.5,23.96,Wheat
38,60.5,24.11,Wheat
38,51.44,24.3,Wheat
38,69.19,26.19,Wheat
38,59.0,25.64,Wheat
58,72.0,24.0,Potato
56,80.06,23.12,Potato
52,79.69,23.16,Potato
55,81.75,22.87,Potato
55,64.12,20.36,Potato
51,47.25,18.85,Potato
51,45.62,20.18,Potato
51,63.12,21.56,Potato
55,85.69,23.2,Potato
51,68.62,24.2,Potato
51,57.12,24.19,Potato
48,49.25,22.76,Sugarcane
48,54.88,22.19,Sugarcane
47,71.94,24.07,Sugarcane
47,71.75,25.68,Sugarcane
46,62.94,25.83,Sugarcane
45,61.06,26.4,Sugarcane
45,58.94,26.98,Sugarcane
45,61.12,27.68,Sugarcane
45,57.62,28.33,Sugarcane
45,54.69,28.2,Sugarcane
50,56.19,25.58,Sugarcane
46,64.06,26.01,Sugarcane
45,71.19,26.87,Sugarcane
45,70.06,27.58,Sugarcane
45,73.0,28.19,Sugarcane
47,69.44,27.95,Sugarcane
43,53.0,26.91,Wheat
42,46.25,26.65,Wheat
42,54.94,27.9,Wheat
43,51.31,27.01,Wheat
41,53.38,28.15,Wheat
41,63.38,28.85,Wheat
41,67.69,29.18,Wheat
44,73.31,29.23,Wheat
43,82.75,27.27,Wheat
51,78.31,27.81,Potato
51,78.38,28.02,Potato
51,78.06,28.32,Potato
51,75.06,28.8,Potato
51,77.94,27.18,Potato
52,69.5,28.03,Potato
52,73.0,28.09,Potato
56,78.19,27.72,Potato
60,79.0,27.73,Potato
52,75.94,29.01,Potato
51,74.81,29.11,Potato
49,69.06,30.39,Sugarcane
48,69.88,30.59,Sugarcane
47,71.5,30.73,Sugarcane
47,72.75,30.9,Sugarcane
50,65.75,30.91,Sugarcane
46,49.56,30.31,Sugarcane
45,50.44,30.77,Sugarcane
45,50.75,30.79,Sugarcane
44,57.81,31.49,Wheat
44,59.5,30.54,Wheat
43,53.06,30.82,Wheat
42,52.19,32.08,Wheat
41,56.12,32.81,Wheat
40,55.25,32.94,Wheat
41,65.44,32.75,Wheat
41,67.75,32.65,Wheat
40,66.88,32.84,Wheat
40,67.94,32.48,Wheat
39,67.12,32.21,Wheat
40,68.75,31.98,Wheat
58,79.31,29.89,Potato
58,86.56,27.58,Potato
55,73.75,29.63,Potato
52,72.62,30.99,Potato
52,71.06,31.37,Potato
52,72.56,31.76,Potato
52,76.12,31.47,Potato
52,74.38,31.96,Potato
52,76.88,31.31,Potato
52,75.44,30.89,Potato
52,75.38,30.75,Potato
60,78.56,30.11,Potato
55,71.56,31.09,Potato
51,71.31,31.65,Potato
59,76.88,30.5,Potato
59,82.38,30.12,Potato
58,82.62,30.09,Potato
54,77.38,30.83,Potato
53,78.38,30.83,Potato
53,78.81,30.5,Potato
68,86.0,29.18,Banana
73,88.44,28.88,Banana
71,88.56,28.45,Banana
71,87.06,29.02,Banana
75,87.31,29.4,Banana
74,86.0,29.6,Banana
73,84.56,29.93,Banana
70,83.19,29.69,Banana
75,84.5,29.94,Banana
84,86.38,29.09,Pineapple
85,85.62,29.17,Pineapple
84,86.25,28.69,Pineapple
84,88.0,28.62,Pineapple
84,92.31,27.65,Pineapple
85,92.75,27.44,Pineapple
84,90.56,27.7,Pineapple
84,89.62,28.08,Pineapple
84,91.12,28.48,Pineapple
84,87.25,29.44,Pineapple
83,86.75,29.58,Pineapple
83,82.88,30.63,Pineapple
83,89.31,29.74,Pineapple
84,90.62,29.26,Pineapple
85,93.0,29.05,Pineapple
84,91.31,28.92,Pineapple
85,92.06,28.97,Pineapple
85,86.81,29.37,Pineapple
84,86.38,29.78,Pineapple
84,82.94,27.94,Pineapple
84,86.5,28.85,Pineapple
85,89.25,29.15,Pineapple
83,84.5,30.1,Pineapple
82,85.12,30.2,Jute
81,86.5,29.9,Jute
81,88.69,29.51,Jute
82,87.56,29.44,Jute
82,91.06,28.99,Jute
82,89.88,29.35,Jute
82,86.12,29.26,Jute
82,88.56,29.01,Jute
82,88.0,29.5,Jute
81,86.94,29.58,Jute
81,86.56,30.12,Jute
82,90.0,29.06,Jute
82,89.5,28.91,Jute
82,89.75,28.86,Jute
95,91.0,28.72,Strawberry
92,93.0,28.22,Strawberry
92,93.5,28.21,Strawberry
93,94.62,27.76,Strawberry
94,94.38,27.8,Strawberry
96,93.31,28.01,Strawberry
96,94.31,27.82,Strawberry
97,93.12,28.4,Strawberry
96,91.75,28.62,Strawberry
95,85.88,29.77,Strawberry
95,84.19,29.2,Strawberry
95,90.81,28.44,Strawberry
95,87.88,29.31,Strawberry
94,89.31,29.06,Strawberry
94,90.25,28.42,Strawberry
93,90.5,27.67,Strawberry
93,91.81,28.38,Strawberry
94,86.62,29.33,Strawberry
95,91.88,27.83,Strawberry
95,91.38,28.31,Strawberry
95,90.06,28.19,Strawberry
94,91.44,27.86,Strawberry
95,92.94,27.56,Strawberry
95,91.12,28.22,Strawberry
94,89.81,28.46,Strawberry
93,91.06,28.17,Strawberry
93,91.06,28.09,Strawberry
92,87.69,29.48,Strawberry
92,80.81,30.09,Strawberry
93,91.0,28.8,Strawberry
94,92.06,27.89,Strawberry
95,91.38,28.02,Strawberry
95,89.75,28.9,Strawberry
94,85.81,29.92,Strawberry
94,83.38,30.05,Strawberry
95,93.5,28.31,Strawberry
96,92.69,27.63,Strawberry
98,94.62,27.61,Strawberry
98,93.31,28.23,Strawberry
98,92.12,28.21,Strawberry
98,90.94,28.4,Strawberry
96,90.5,27.56,Strawberry
95,88.31,28.76,Strawberry
95,87.56,28.96,Strawberry
94,84.81,29.52,Strawberry
94,84.5,29.15,Strawberry
93,89.69,28.33,Strawberry
94,93.44,27.45,Strawberry
93,88.5,28.49,Strawberry
92,89.88,28.62,Strawberry
92,88.88,28.66,Strawberry
91,91.25,28.17,Maize
91,87.56,28.87,Maize
90,83.19,29.33,Maize
90,88.31,28.73,Maize
91,85.75,29.9,Maize
91,88.69,28.87,Maize
91,89.88,28.67,Maize
90,92.31,28.32,Maize
90,91.31,28.3,Maize
90,89.44,28.6,Maize
90,92.38,27.8,Maize
91,90.56,28.61,Maize
91,90.31,29.07,Maize
91,91.75,28.71,Maize
91,91.5,28.72,Maize
91,93.25,27.92,Maize
91,93.06,27.64,Maize
91,90.31,27.9,Maize
91,88.56,28.68,Maize
91,90.12,28.21,Maize
91,83.69,28.81,Maize
91,76.56,29.62,Maize
90,77.31,29.69,Maize
89,84.0,28.87,Maize
89,80.69,29.31,Maize
90,82.5,29.04,Maize
90,86.44,27.98,Maize
91,91.81,27.08,Maize
92,90.81,26.66,Maize
92,85.44,26.73,Maize
91,84.31,27.15,Maize
91,85.38,26.51,Maize
91,89.94,25.9,Maize
93,89.25,26.52,Strawberry
93,91.75,26.58,Strawberry
93,85.94,27.58,Strawberry
92,87.44,27.93,Strawberry
92,86.94,27.62,Strawberry
92,87.0,27.48,Strawberry
92,87.62,27.37,Strawberry
92,87.56,27.41,Strawberry
92,86.0,26.82,Strawberry
92,88.44,25.93,Strawberry
93,91.12,25.92,Strawberry
93,87.0,26.96,Strawberry
92,82.44,26.82,Strawberry
91,83.56,25.82,Maize
91,83.69,25.94,Maize
91,82.25,27.15,Maize
90,80.38,27.7,Maize
91,78.25,28.09,Maize
90,81.62,27.52,Maize
89,83.81,26.85,Maize
88,86.12,26.65,Maize
88,86.12,26.4,Maize
88,86.81,26.65,Maize
88,87.0,26.07,Maize
89,90.44,22.86,Maize
89,90.75,24.56,Maize
89,94.44,25.75,Maize
91,89.56,26.06,Maize
90,87.75,24.25,Maize
90,85.88,24.19,Maize
89,83.19,24.83,Maize
88,82.81,25.12,Maize
88,85.25,25.26,Maize
88,83.62,25.38,Maize
88,79.56,25.12,Maize
87,83.12,25.51,Maize
87,80.81,25.39,Maize
86,82.56,24.45,Maize
85,75.0,24.17,Maize
86,90.69,23.89,Maize
86,94.88,23.57,Maize
86,95.0,23.91,Maize
86,90.31,24.19,Maize
91,85.62,23.48,Maize
91,85.56,22.98,Maize
90,81.38,23.6,Maize
89,79.62,23.19,Maize
89,81.56,23.19,Maize
88,79.38,23.12,Maize
88,78.38,22.66,Maize
88,74.25,22.23,Maize
88,82.12,21.39,Maize
88,76.75,20.98,Maize
87,76.81,21.23,Maize
87,76.81,21.78,Maize
86,78.0,21.78,Maize
86,80.81,21.65,Maize
85,79.06,22.14,Maize
85,80.19,21.86,Maize
85,79.5,22.15,Maize
84,80.62,22.24,Pineapple
84,82.88,21.98,Pineapple
84,85.88,20.71,Pineapple
84,83.44,19.42,Pineapple
84,78.81,18.58,Pineapple
83,84.56,19.05,Pineapple
83,74.88,19.93,Pineapple
83,79.06,20.88,Pineapple
83,78.75,20.27,Pineapple
83,71.81,20.4,Pineapple
83,78.25,20.64,Pineapple
83,81.88,19.85,Pineapple
80,77.94,19.51,Jute
80,78.19,19.17,Jute
80,76.62,18.44,Jute
80,75.62,18.83,Jute
80,81.06,19.04,Jute
80,86.06,19.19,Jute
80,86.19,18.63,Jute
80,87.38,16.87,Jute
80,90.0,15.35,Jute
80,82.94,15.11,Jute
80,87.56,14.88,Jute
80,86.69,14.94,Jute
80,86.5,15.59,Jute
80,84.5,15.34,Jute
80,83.25,15.15,Jute
80,82.44,16.76,Jute
80,89.56,14.44,Jute
81,86.25,14.3,Jute
81,84.38,15.33,Jute
81,81.75,16.23,Jute
81,78.12,17.23,Jute
81,71.25,18.7,Jute
81,78.19,18.83,Jute
81,92.19,17.22,Jute
81,85.56,18.16,Jute
82,87.0,17.54,Jute
82,83.81,14.78,Jute
82,81.75,14.81,Jute
82,81.31,15.26,Jute
82,84.38,16.0,Jute
82,86.06,17.05,Jute
82,88.44,15.19,Jute
82,86.56,15.23,Jute
82,82.62,14.99,Jute
82,81.06,15.52,Jute
82,83.56,16.38,Jute
82,78.81,17.6,Jute
82,77.25,18.73,Jute
82,71.5,18.97,Jute
82,79.19,18.93,Jute
82,84.94,16.88,Jute
82,75.56,14.94,Jute
82,74.75,14.75,Jute
73,75.88,16.25,Banana
73,74.88,15.67,Banana
73,70.0,14.69,Banana
72,72.12,14.44,Banana
71,71.06,14.46,Banana
71,70.69,16.02,Banana
70,76.31,16.68,Banana
70,80.12,17.88,Banana
70,82.12,17.8,Banana
69,74.19,16.89,Banana
69,67.25,15.73,Banana
68,69.06,14.6,Banana
67,68.56,14.93,Banana
66,68.5,15.98,Banana
66,66.5,16.84,Banana
66,67.06,17.12,Banana
65,68.25,17.58,Banana
65,73.12,17.56,Banana
64,65.75,15.89,Banana
63,66.0,16.0,Banana
62,64.38,16.04,Banana
62,57.0,16.39,Banana
62,67.62,17.58,Banana
61,77.94,19.24,Banana
61,68.94,19.5,Banana
61,63.62,19.58,Banana
61,60.56,19.43,Banana
61,58.56,19.79,Banana
61,56.5,19.83,Banana
61,61.19,20.37,Banana
61,59.44,21.03,Banana
61,64.19,22.25,Banana
61,67.25,22.49,Banana
61,73.44,20.58,Banana
61,75.94,21.65,Banana
61,73.12,21.7,Banana
61,63.75,21.45,Banana
61,59.88,21.9,Banana
61,58.88,22.52,Banana
61,55.25,23.02,Banana
62,64.31,22.85,Banana
66,72.94,22.98,Banana
61,73.88,23.26,Banana
62,74.75,23.36,Banana
62,78.19,23.3,Banana
62,75.31,24.12,Banana
62,63.12,22.73,Banana
62,55.69,22.12,Banana
62,58.5,23.26,Banana
62,61.88,25.4,Banana
62,62.75,25.88,Banana
52,64.25,25.56,Potato
51,65.12,24.45,Potato
51,63.81,25.2,Potato
51,60.25,24.83,Potato
51,56.56,25.04,Potato
51,50.88,25.16,Potato
51,51.19,24.74,Potato
51,48.62,25.9,Potato
51,61.25,26.01,Potato
51,58.94,25.76,Potato
43,54.56,26.3,Wheat
43,60.12,26.86,Wheat
43,50.25,27.41,Wheat
44,53.25,28.13,Wheat
43,53.12,29.28,Wheat
42,52.12,29.32,Wheat
41,40.81,28.05,Wheat
41,40.81,28.01,Wheat
41,40.69,28.46,Wheat
41,65.88,30.0,Wheat
41,68.88,29.83,Wheat
41,69.12,29.42,Wheat
41,69.38,28.76,Wheat
41,65.31,28.3,Wheat
41,65.88,28.96,Wheat
41,67.62,29.96,Wheat
44,69.81,29.08,Wheat
42,61.81,29.93,Wheat
43,61.75,30.3,Wheat
44,55.56,29.58,Wheat
44,58.44,29.66,Wheat
41,61.56,30.78,Wheat
43,69.0,30.26,Wheat
43,68.12,29.97,Wheat
43,70.12,30.08,Wheat
43,76.81,28.85,Wheat
43,77.31,29.19,Wheat
43,80.5,28.39,Wheat
43,74.06,28.17,Wheat
43,74.56,27.47,Wheat
43,76.94,27.67,Wheat
43,82.56,26.62,Wheat
70,83.69,27.48,Banana
73,87.0,26.78,Banana
72,82.75,26.58,Banana
74,84.25,26.26,Banana
73,84.5,26.69,Banana
73,82.56,27.73,Banana
73,83.25,27.47,Banana
74,84.56,27.26,Banana
74,85.31,27.51,Banana
74,80.44,28.39,Banana
74,83.62,29.0,Banana
74,83.31,28.1,Banana
78,74.25,28.37,Mango
78,73.81,28.26,Mango
78,75.94,29.06,Mango
78,71.19,29.85,Mango
79,71.56,29.65,Mango
77,78.12,29.34,Mango
77,82.62,28.83,Mango
78,83.06,29.02,Mango
78,83.75,29.22,Mango
78,84.88,29.39,Mango
78,82.56,29.79,Mango
77,82.69,29.9,Mango
77,77.38,29.08,Mango
77,85.44,27.87,Mango
77,86.31,27.83,Mango
77,85.25,28.66,Mango
77,85.5,29.26,Mango
77,87.12,29.21,Mango
78,86.31,29.01,Mango
78,85.94,28.6,Mango
78,89.69,28.27,Mango
78,86.62,28.37,Mango
78,86.12,28.44,Mango
78,87.19,28.58,Mango
78,85.56,28.83,Mango
78,89.12,28.18,Mango
78,90.81,27.98,Mango
78,88.25,28.19,Mango
78,89.0,28.55,Mango
78,91.38,27.92,Mango
78,93.12,28.12,Mango
78,88.12,28.92,Mango
78,87.12,29.01,Mango
89,83.88,29.94,Maize
90,89.75,28.65,Maize
91,93.19,28.11,Maize
90,91.69,28.41,Maize
90,94.56,28.33,Maize
91,92.25,28.51,Maize
91,92.5,28.78,Maize
91,89.56,28.72,Maize
91,94.81,27.78,Maize
91,93.38,27.87,Maize
91,90.31,28.77,Maize
91,91.12,28.64,Maize
91,90.94,28.32,Maize
91,90.25,28.42,Maize
91,89.56,29.08,Maize
91,89.06,29.33,Maize
91,90.19,29.08,Maize
91,92.31,28.46,Maize
91,90.5,28.41,Maize
91,90.94,27.49,Maize
91,87.19,28.82,Maize
91,88.62,29.24,Maize
90,89.44,28.58,Maize
89,91.06,28.78,Maize
89,88.38,29.51,Maize
89,90.94,28.81,Maize
90,92.0,28.48,Maize
89,90.94,28.86,Maize
89,90.56,28.94,Maize
89,89.62,29.25,Maize
90,91.56,28.88,Maize
90,91.12,28.93,Maize
90,93.69,28.27,Maize
90,90.88,28.63,Maize
91,90.0,29.01,Maize
91,90.75,28.25,Maize
91,89.06,28.97,Maize
91,87.94,29.1,Maize
90,88.44,29.34,Maize
90,93.0,28.4,Maize
91,90.06,28.83,Maize
91,93.88,28.05,Maize
91,93.62,28.05,Maize
91,92.75,27.69,Maize
91,90.88,27.98,Maize
91,91.62,28.14,Maize
91,88.25,28.73,Maize
91,87.0,29.52,Maize
91,90.62,28.8,Maize
91,89.5,28.8,Maize
91,89.81,28.64,Maize
91,88.44,28.89,Maize
91,87.19,29.44,Maize
91,86.25,30.11,Maize
91,86.75,29.86,Maize
91,82.81,30.63,Maize
91,92.0,28.61,Maize
91,89.88,28.76,Maize
91,92.5,27.98,Maize
91,90.06,28.98,Maize
91,89.38,28.88,Maize
90,90.75,28.64,Maize
90,90.81,28.84,Maize
91,89.94,29.21,Maize
91,89.69,29.35,Maize
90,88.62,29.33,Maize
89,89.5,28.78,Maize
91,90.5,28.16,Maize
91,90.88,28.08,Maize
91,91.19,28.03,Maize
91,91.56,28.21,Maize
91,93.44,27.3,Maize
91,94.12,26.74,Maize
91,93.0,27.01,Maize
91,90.94,27.56,Maize
91,90.0,27.91,Maize
91,88.5,28.69,Maize
91,92.69,27.73,Maize
91,91.44,27.51,Maize
91,93.19,27.37,Maize
92,89.56,28.39,Maize
91,88.88,28.74,Maize
91,88.44,29.06,Maize
91,88.62,29.05,Maize
91,89.38,28.33,Maize
92,88.62,28.33,Maize
91,85.06,29.26,Maize
91,84.12,29.8,Maize
90,86.12,29.49,Maize
89,89.44,28.64,Maize
89,89.12,28.52,Maize
88,87.94,28.7,Maize
88,85.62,29.3,Maize
89,88.06,28.85,Maize
89,89.31,28.45,Maize
89,88.94,28.94,Maize
89,90.88,28.45,Maize
89,91.44,28.13,Maize
89,89.75,28.67,Maize
88,91.81,28.02,Maize
89,89.62,28.48,Maize
88,82.06,29.8,Maize
88,87.38,29.37,Maize
88,84.62,29.9,Maize
90,90.75,28.39,Maize
90,94.31,28.03,Maize
91,94.19,27.83,Maize
91,94.38,27.65,Maize
91,94.75,27.54,Maize
91,93.81,27.64,Maize
91,91.38,27.79,Maize
91,87.94,28.55,Maize
91,87.25,28.59,Maize
92,85.12,28.42,Strawberry
93,89.94,27.9,Strawberry
93,90.62,28.06,Strawberry
93,90.38,28.05,Strawberry
93,89.5,27.8,Strawberry
93,90.81,27.56,Strawberry
94,88.88,27.08,Strawberry
94,89.19,27.38,Strawberry
93,80.56,28.48,Strawberry
92,82.44,29.19,Strawberry
92,83.19,29.57,Strawberry
92,80.25,29.77,Strawberry
92,80.88,29.36,Strawberry
92,79.31,29.7,Strawberry
92,85.62,29.08,Strawberry
92,82.31,29.44,Strawberry
92,81.81,28.95,Strawberry
92,81.88,29.19,Strawberry
92,87.94,28.08,Strawberry
92,83.06,28.12,Strawberry
92,87.69,28.04,Strawberry
92,93.25,26.55,Strawberry
94,95.31,25.81,Strawberry
97,95.25,26.34,Strawberry
95,91.25,26.74,Strawberry
95,85.0,26.98,Strawberry
94,84.44,26.94,Strawberry
93,86.75,26.54,Strawberry
93,85.62,26.13,Strawberry
93,85.12,27.04,Strawberry
93,86.94,27.61,Strawberry
94,94.06,26.05,Strawberry
95,89.31,25.86,Strawberry
94,90.31,26.48,Strawberry
94,88.5,27.05,Strawberry
94,79.38,25.19,Strawberry
93,71.38,22.82,Strawberry
92,73.69,20.58,Strawberry
92,76.44,21.08,Strawberry
92,77.94,22.54,Strawberry
92,81.69,23.89,Strawberry
92,84.75,23.73,Strawberry
92,84.5,23.8,Strawberry
92,80.19,24.45,Strawberry
92,85.12,24.82,Strawberry
92,86.12,24.2,Strawberry
92,85.25,23.4,Strawberry
92,83.94,23.4,Strawberry
92,83.0,23.29,Strawberry
87,75.44,22.49,Maize
87,77.25,22.3,Maize
87,82.12,23.05,Maize
87,84.19,23.26,Maize
87,79.81,20.83,Maize
86,78.0,17.93,Maize
86,78.62,18.83,Maize
86,84.19,19.94,Maize
85,87.0,20.67,Pineapple
84,85.12,20.81,Pineapple
84,88.62,20.84,Pineapple
84,88.19,20.93,Pineapple
84,84.62,20.38,Pineapple
84,83.88,20.69,Pineapple
84,81.75,20.47,Pineapple
83,78.38,20.3,Pineapple
83,78.25,19.92,Pineapple
83,76.38,19.22,Pineapple
83,78.19,19.5,Pineapple
83,84.69,19.46,Pineapple
83,87.81,19.4,Pineapple
82,84.38,18.76,Jute
81,84.12,18.55,Jute
81,86.31,18.5,Jute
81,85.56,18.26,Jute
80,84.31,18.62,Jute
80,85.19,18.44,Jute
80,87.19,18.45,Jute
80,84.94,18.76,Jute
80,85.81,18.3,Jute
80,83.0,16.76,Jute
80,80.69,14.52,Jute
80,83.06,14.29,Jute
80,81.0,15.61,Jute
80,77.94,16.24,Jute
80,79.5,16.28,Jute
80,79.62,16.7,Jute
80,86.0,17.2,Jute
80,82.88,16.28,Jute
80,80.0,15.26,Jute
80,79.69,15.55,Jute
80,81.94,15.47,Jute
80,81.19,15.9,Jute
80,84.12,16.55,Jute
80,82.81,16.73,Jute
80,83.25,16.93,Jute
80,81.56,16.94,Jute
80,79.31,17.4,Jute
80,82.0,17.89,Jute
82,80.88,18.87,Jute
82,74.12,19.99,Jute
82,77.19,19.48,Jute
82,78.0,18.84,Jute
82,77.75,19.33,Jute
82,80.38,20.37,Jute
82,83.19,19.23,Jute
82,78.06,17.19,Jute
82,73.94,15.9,Jute
82,72.12,15.08,Jute
82,72.38,15.12,Jute
82,78.19,15.44,Jute
82,80.12,16.22,Jute
82,76.88,16.1,Jute
82,89.56,18.15,Jute
82,73.0,17.44,Jute
66,71.62,15.89,Banana
65,67.81,15.5,Banana
65,67.94,16.1,Banana
64,77.31,16.44,Banana
63,74.69,16.31,Banana
62,71.88,15.45,Banana
62,69.81,15.22,Banana
62,70.94,15.95,Banana
61,67.06,15.95,Banana
61,61.94,14.05,Banana
61,63.06,14.16,Banana
59,64.25,14.41,Potato
59,66.5,15.99,Potato
59,66.94,17.38,Potato
58,63.56,18.1,Potato
57,62.5,18.69,Potato
57,71.69,18.04,Potato
56,65.88,17.76,Potato
55,63.0,17.73,Potato
55,55.12,18.1,Potato
55,52.69,18.44,Potato
54,53.56,18.57,Potato
53,55.0,18.95,Potato
53,51.81,19.15,Potato
52,55.62,19.87,Potato
52,57.31,20.15,Potato
51,55.88,20.71,Potato
51,55.44,22.23,Potato
51,56.0,22.43,Potato
51,61.06,21.18,Potato
51,52.06,21.62,Potato
51,50.25,21.11,Potato
51,48.94,21.54,Potato
51,49.94,22.38,Potato
51,60.5,23.21,Potato
51,65.88,24.08,Potato
45,66.88,24.85,Sugarcane
45,67.0,25.48,Sugarcane
45,69.38,26.42,Sugarcane
45,63.44,26.2,Sugarcane
45,61.5,25.7,Sugarcane
45,48.31,23.94,Sugarcane
45,66.5,25.55,Sugarcane
45,73.31,26.89,Sugarcane
45,70.88,26.76,Sugarcane
45,72.62,26.75,Sugarcane
45,69.75,27.45,Sugarcane
45,67.19,27.8,Sugarcane
45,66.88,28.08,Sugarcane
45,62.25,28.78,Sugarcane
45,57.88,28.37,Sugarcane
45,56.0,27.38,Sugarcane
45,52.75,26.72,Sugarcane
40,44.62,27.18,Wheat
39,36.94,26.72,Wheat
39,33.5,27.11,Wheat
39,47.25,28.17,Wheat
39,48.06,27.89,Wheat
38,48.38,29.8,Wheat
38,42.88,30.78,Wheat
37,40.62,30.02,Wheat
37,45.25,29.92,Wheat
36,40.5,30.28,Wheat
36,36.31,29.0,Wheat
35,35.44,29.19,Wheat
35,41.5,29.01,Wheat
35,55.44,30.76,Wheat
36,61.81,31.25,Wheat
36,67.06,31.25,Wheat
38,67.62,31.22,Wheat
35,63.31,31.11,Wheat
34,56.81,31.34,Wheat
34,49.06,30.36,Wheat
38,47.38,30.37,Wheat
38,51.75,29.86,Wheat
34,57.81,31.33,Wheat
34,61.38,31.73,Wheat
34,58.38,31.66,Wheat
35,50.94,31.75,Wheat
34,51.75,33.25,Wheat
33,48.62,33.9,Wheat
32,41.88,33.9,Wheat
32,48.06,33.57,Wheat
33,59.38,30.73,Wheat
33,53.88,30.01,Wheat
43,62.25,30.15,Wheat
46,61.88,30.52,Wheat
36,55.12,32.12,Wheat
35,58.62,32.56,Wheat
34,59.81,32.76,Wheat
38,56.5,32.97,Wheat
36,50.44,32.44,Wheat
34,37.44,32.39,Wheat
33,47.19,33.06,Wheat
33,48.0,34.3,Wheat
33,52.19,33.98,Wheat
33,56.38,33.34,Wheat
36,56.62,31.32,Wheat
37,52.06,32.27,Wheat
34,52.81,33.5,Wheat
34,54.62,33.3,Wheat
34,71.88,28.87,Wheat
34,74.81,27.52,Wheat
34,71.0,27.25,Wheat
34,62.06,29.8,Wheat
34,66.75,30.55,Wheat
55,66.06,30.9,Potato
55,59.25,31.8,Potato
55,67.62,30.94,Potato
55,72.19,30.07,Potato
55,71.5,30.3,Potato
51,73.06,29.99,Potato
52,71.31,30.76,Potato
52,67.62,32.38,Potato
59,71.5,31.37,Potato
52,69.06,32.69,Potato
53,72.94,32.23,Potato
54,77.75,30.87,Potato
52,76.81,31.18,Potato
51,73.62,31.26,Potato
51,70.38,32.59,Potato
51,67.25,32.71,Potato
51,78.5,30.31,Potato
51,78.12,29.83,Potato
51,78.75,28.46,Potato
56,78.06,29.51,Potato
55,77.38,31.05,Potato
54,75.94,31.44,Potato
53,75.88,31.35,Potato
53,89.56,28.63,Potato
53,88.69,28.9,Potato
53,89.12,28.41,Potato
53,85.44,29.6,Potato
53,85.31,29.55,Potato
53,89.62,29.07,Potato
53,89.25,29.14,Potato
83,89.38,28.84,Pineapple
83,93.12,28.04,Pineapple
83,88.44,27.93,Pineapple
83,85.19,28.38,Pineapple
83,93.06,27.33,Pineapple
84,92.0,27.8,Pineapple
84,86.81,29.03,Pineapple
84,87.94,29.2,Pineapple
84,90.0,28.73,Pineapple
84,89.44,28.39,Pineapple
84,88.0,27.75,Pineapple
84,88.56,27.95,Pineapple
84,88.56,27.66,Pineapple
84,90.5,27.29,Pineapple
84,90.38,27.83,Pineapple
84,87.81,27.98,Pineapple
84,86.94,28.42,Pineapple
84,88.0,28.83,Pineapple
85,87.31,28.58,Pineapple
85,88.44,28.78,Pineapple
84,88.0,29.05,Pineapple
84,89.38,28.57,Pineapple
85,90.81,28.52,Pineapple
85,90.19,28.92,Pineapple
91,91.75,28.43,Maize
91,90.12,27.65,Maize
91,91.06,28.36,Maize
91,86.0,29.44,Maize
90,89.75,29.2,Maize
91,89.5,29.2,Maize
91,91.69,28.75,Maize
91,89.94,28.84,Maize
90,87.31,29.04,Maize
89,87.12,28.97,Maize
90,86.94,29.16,Maize
89,83.81,29.26,Maize
89,90.19,28.29,Maize
88,87.06,28.68,Maize
88,84.81,29.05,Maize
88,85.56,28.72,Maize
88,88.5,28.93,Maize
88,89.25,28.26,Maize
90,90.94,27.85,Maize
91,85.38,29.3,Maize
89,85.19,29.19,Maize
90,87.12,29.07,Maize
89,91.75,28.15,Maize
91,91.38,28.73,Maize
90,89.88,28.89,Maize
89,86.94,30.05,Maize
90,90.44,29.69,Maize
91,93.81,28.61,Maize
91,92.69,27.55,Maize
91,90.56,28.14,Maize
91,90.31,28.33,Maize
91,91.88,27.93,Maize
91,90.38,28.34,Maize
91,87.69,29.19,Maize
91,88.75,28.77,Maize
91,84.19,29.87,Maize
91,94.62,28.1,Maize
91,91.0,28.45,Maize
91,90.56,28.99,Maize
91,91.38,29.05,Maize
91,90.88,29.17,Maize
91,91.5,28.43,Maize
91,87.5,28.09,Maize
91,88.75,29.12,Maize
91,91.62,28.37,Maize
91,89.69,28.58,Maize
91,91.12,28.41,Maize
91,94.38,27.62,Maize
91,93.06,27.3,Maize
91,90.75,27.83,Maize
91,88.0,28.39,Maize
91,86.88,28.65,Maize
91,89.0,28.98,Maize
91,91.62,28.44,Maize
91,91.25,28.24,Maize
91,90.38,28.44,Maize
91,92.5,27.41,Maize
91,91.06,27.78,Maize
91,92.06,27.37,Maize
91,92.5,27.15,Maize
90,88.5,28.47,Maize
90,89.12,27.56,Maize
91,91.88,26.94,Maize
90,80.94,28.37,Maize
89,82.69,29.37,Maize
90,86.5,29.11,Maize
91,90.56,28.23,Maize
90,90.75,27.84,Maize
89,88.19,28.29,Maize
89,83.81,28.38,Maize
89,89.75,28.15,Maize
89,87.81,28.36,Maize
88,89.94,28.07,Maize
88,91.44,27.64,Maize
89,93.06,27.37,Maize
88,88.12,28.54,Maize
89,90.69,27.75,Maize
89,88.81,28.37,Maize
90,91.94,27.11,Maize
90,89.75,27.45,Maize
91,93.31,26.87,Maize
91,92.06,26.89,Maize
91,90.75,26.77,Maize
90,83.5,28.35,Maize
89,84.19,28.57,Maize
90,85.25,28.54,Maize
90,84.81,28.83,Maize
90,89.25,28.08,Maize
91,92.75,27.01,Maize
91,90.69,27.12,Maize
91,86.0,27.73,Maize
90,71.38,28.38,Maize
89,85.5,28.26,Maize
89,90.06,28.17,Maize
90,93.44,27.38,Maize
90,83.56,27.63,Maize
91,79.56,27.93,Maize
90,80.0,28.57,Maize
90,83.12,28.79,Maize
89,82.25,28.93,Maize
89,83.62,28.8,Maize
88,87.06,28.49,Maize
88,91.5,27.79,Maize
89,88.31,27.96,Maize
88,84.5,28.2,Maize
88,85.31,28.58,Maize
88,90.5,27.78,Maize
89,89.12,27.61,Maize
91,94.06,26.32,Maize
92,93.44,26.55,Strawberry
92,91.44,27.19,Strawberry
92,85.88,26.15,Strawberry
92,77.31,24.4,Strawberry
92,76.38,24.39,Strawberry
92,72.0,25.1,Strawberry
92,75.31,24.75,Strawberry
92,75.12,24.69,Strawberry
92,84.19,24.48,Strawberry
88,84.12,25.5,Maize
88,85.44,25.76,Maize
88,85.94,25.23,Maize
87,83.75,23.9,Maize
86,79.94,22.48,Maize
86,76.25,21.78,Maize
85,80.06,22.64,Pineapple
85,79.44,22.92,Pineapple
84,81.81,21.94,Pineapple
84,79.94,21.19,Pineapple
84,83.06,20.95,Pineapple
84,83.44,20.93,Pineapple
83,83.12,21.37,Pineapple
83,81.31,21.59,Pineapple
83,79.69,21.9,Pineapple
83,81.75,23.12,Pineapple
83,88.94,23.26,Pineapple
83,88.75,23.95,Pineapple
84,89.94,23.47,Pineapple
83,89.56,23.02,Pineapple
83,85.0,21.76,Pineapple
83,77.62,20.59,Pineapple
83,78.75,20.9,Pineapple
83,82.19,21.41,Pineapple
83,81.25,22.35,Pineapple
83,77.0,22.77,Pineapple
83,82.38,22.74,Pineapple
83,86.06,21.79,Pineapple
79,74.75,19.94,Mango
78,75.12,18.56,Mango
78,75.31,18.38,Mango
77,74.5,18.0,Mango
77,80.5,17.9,Mango
77,79.75,19.0,Mango
76,80.06,20.13,Mango
76,75.62,20.84,Mango
75,80.0,21.64,Mango
76,86.69,22.1,Mango
76,94.38,21.84,Mango
76,94.69,22.32,Mango
76,89.12,22.71,Mango
76,88.38,21.58,Mango
76,84.88,21.33,Mango
76,84.5,19.55,Mango
76,82.81,18.86,Mango
84,78.0,16.8,Pineapple
83,81.62,16.19,Pineapple
83,85.31,17.01,Pineapple
83,84.12,17.05,Pineapple
83,84.31,16.62,Pineapple
83,82.94,16.55,Pineapple
83,79.62,16.53,Pineapple
83,85.31,16.2,Pineapple
83,81.44,14.77,Pineapple
83,82.69,16.46,Pineapple
83,82.75,16.94,Pineapple
83,77.38,16.48,Pineapple
83,81.06,16.93,Pineapple
83,75.69,17.11,Pineapple
83,77.62,17.14,Pineapple
83,75.56,16.94,Pineapple
83,80.19,17.08,Pineapple
83,80.94,17.55,Pineapple
83,81.44,17.75,Pineapple
77,84.44,17.45,Mango
77,85.56,16.42,Mango
77,83.69,16.6,Mango
77,83.69,16.82,Mango
76,83.69,16.52,Mango
76,79.0,15.89,Mango
76,78.94,16.64,Mango
75,81.56,17.41,Banana
74,84.12,17.99,Banana
74,82.19,18.18,Banana
73,82.38,18.73,Banana
73,83.81,19.23,Banana
73,88.81,19.29,Banana
73,85.5,18.64,Banana
73,80.12,17.79,Banana
72,77.56,17.57,Banana
71,80.06,16.93,Banana
70,80.0,16.55,Banana
70,82.56,16.76,Banana
70,77.38,17.35,Banana
70,79.75,16.83,Banana
69,65.38,16.46,Banana
68,67.88,17.25,Banana
68,73.12,18.21,Banana
70,87.38,17.23,Banana
70,79.88,18.37,Banana
69,76.06,18.5,Banana
70,81.94,17.44,Banana
69,74.94,15.01,Banana
68,76.31,14.31,Banana
67,72.12,14.93,Banana
66,64.81,15.38,Banana
66,79.0,16.76,Banana
66,66.31,16.91,Banana
65,73.38,17.48,Banana
66,80.69,18.36,Banana
73,76.56,17.58,Banana
73,73.94,15.4,Banana
70,73.62,15.11,Banana
70,65.81,15.63,Banana
69,64.31,16.73,Banana
68,74.12,18.06,Banana
67,75.19,18.53,Banana
66,65.5,16.21,Banana
66,70.38,16.61,Banana
65,71.62,17.04,Banana
64,63.94,17.24,Banana
64,59.75,17.15,Banana
63,58.88,17.34,Banana
62,54.25,17.42,Banana
62,53.56,17.76,Banana
62,73.0,19.21,Banana
62,68.5,19.42,Banana
62,65.44,19.98,Banana
60,66.56,21.12,Potato
59,75.12,21.72,Potato
59,74.69,22.5,Potato
59,72.62,23.19,Potato
58,64.38,22.69,Potato
57,65.88,22.9,Potato
56,62.88,22.27,Potato
55,60.19,21.83,Potato
54,56.5,21.99,Potato
53,51.69,22.08,Potato
52,52.62,22.69,Potato
52,55.12,23.14,Potato
51,60.0,23.76,Potato
50,56.56,24.01,Sugarcane
49,54.81,24.34,Sugarcane
48,50.94,24.16,Sugarcane
48,51.12,24.15,Sugarcane
48,48.69,24.08,Sugarcane
46,51.69,24.8,Sugarcane
45,51.25,25.62,Sugarcane
45,46.5,25.95,Sugarcane
45,49.56,26.16,Sugarcane
45,52.88,26.85,Sugarcane
45,49.75,27.06,Sugarcane
45,50.19,27.53,Sugarcane
42,58.12,27.31,Wheat
41,61.06,26.84,Wheat
41,64.12,28.49,Wheat
41,53.69,29.91,Wheat
40,60.38,29.61,Wheat
40,70.81,29.15,Wheat
40,70.44,29.89,Wheat
40,70.75,29.69,Wheat
41,69.31,29.67,Wheat
43,72.12,29.21,Wheat
42,71.88,29.56,Wheat
40,69.06,30.42,Wheat
39,68.75,30.55,Wheat
39,68.81,30.5,Wheat
38,67.75,30.19,Wheat
38,64.62,30.49,Wheat
38,65.31,30.56,Wheat
40,68.44,30.55,Wheat
38,59.88,31.44,Wheat
37,52.75,31.23,Wheat
36,62.75,31.38,Wheat
37,62.56,31.62,Wheat
37,64.19,32.07,Wheat
36,63.88,32.35,Wheat
35,61.94,32.54,Wheat
35,64.12,31.91,Wheat
34,62.0,32.73,Wheat
34,67.31,31.88,Wheat
34,64.0,31.89,Wheat
34,63.88,32.6,Wheat
36,64.12,32.23,Wheat
36,73.88,29.41,Wheat
36,72.0,29.74,Wheat
36,69.62,30.64,Wheat
55,75.62,30.29,Potato
51,71.31,31.08,Potato
51,68.38,32.21,Potato
51,68.94,32.19,Potato
51,70.38,31.56,Potato
51,65.69,32.87,Potato
51,62.94,33.3,Potato
51,64.75,32.08,Potato
51,59.0,32.81,Potato
51,61.0,32.01,Potato
51,70.75,30.19,Potato
54,76.19,29.23,Potato
54,71.75,30.24,Potato
52,71.0,30.48,Potato
52,64.12,31.51,Potato
52,63.94,31.5,Potato
52,75.31,29.77,Potato
56,82.88,28.73,Potato
56,84.06,29.09,Potato
56,81.5,29.92,Potato
56,84.38,29.3,Potato
56,82.44,29.93,Potato
59,81.94,30.15,Potato
58,85.44,29.34,Potato
60,87.38,28.71,Potato
59,84.56,28.05,Potato
59,83.0,29.73,Potato
59,84.62,29.13,Potato
59,91.31,28.06,Potato
59,82.75,28.79,Potato
76,82.25,28.86,Mango
76,78.38,29.54,Mango
76,82.56,29.08,Mango
77,80.56,29.27,Mango
77,81.5,29.08,Mango
77,81.0,29.49,Mango
77,87.56,28.42,Mango
77,88.0,28.04,Mango
77,85.56,28.61,Mango
77,87.19,28.61,Mango
79,84.0,29.06,Mango
79,88.75,28.51,Mango
79,87.62,27.99,Mango
79,86.88,28.51,Mango
79,87.06,28.87,Mango
79,85.62,29.24,Mango
79,87.94,29.06,Mango
79,91.5,28.41,Mango
79,86.62,27.67,Mango
79,88.06,28.34,Mango
79,88.56,28.87,Mango
79,88.75,29.23,Mango
79,90.56,28.66,Mango
79,91.62,28.03,Mango
79,91.94,27.29,Mango
79,93.5,27.23,Mango
79,91.0,27.25,Mango
79,92.69,26.9,Mango
78,92.31,27.01,Mango
77,92.12,26.98,Mango
77,87.06,27.71,Mango
77,89.0,28.19,Mango
77,90.69,27.84,Mango
77,88.56,28.4,Mango
77,89.38,28.18,Mango
77,87.62,28.73,Mango
77,89.56,28.54,Mango
77,90.25,28.2,Mango
77,92.19,27.86,Mango
77,89.44,28.73,Mango
77,88.62,28.53,Mango
77,90.0,28.29,Mango
77,89.19,28.64,Mango
77,87.62,28.98,Mango
77,91.69,27.98,Mango
77,88.31,28.53,Mango
77,89.38,28.28,Mango
77,86.81,28.49,Mango
77,88.06,28.73,Mango
77,89.0,28.07,Mango
77,86.81,28.86,Mango
77,87.12,29.16,Mango
77,89.0,28.83,Mango
77,87.12,29.09,Mango
77,87.0,29.33,Mango
77,87.31,29.4,Mango
77,86.62,29.26,Mango
77,88.31,28.84,Mango
77,89.5,28.95,Mango
77,86.81,29.16,Mango
79,88.12,29.19,Mango
79,90.69,28.02,Mango
79,90.06,27.66,Mango
79,86.12,27.3,Mango
79,80.56,28.56,Mango
79,83.38,29.39,Mango
79,87.56,28.28,Mango
79,78.81,28.94,Mango
79,86.25,29.56,Mango
79,86.94,28.81,Mango
79,88.12,29.26,Mango
79,85.44,29.81,Mango
79,88.06,28.51,Mango
79,85.69,29.29,Mango
79,86.62,29.63,Mango
79,88.62,28.98,Mango
79,84.81,29.76,Mango
79,90.25,28.13,Mango
79,88.62,28.55,Mango
79,92.12,27.62,Mango
79,90.19,27.98,Mango
79,84.38,29.42,Mango
79,91.94,27.94,Mango
79,91.69,27.38,Mango
79,89.5,28.33,Mango
79,85.44,29.35,Mango
79,83.44,29.79,Mango
79,83.81,29.85,Mango
79,86.88,28.69,Mango
79,87.56,28.33,Mango
79,87.56,28.7,Mango
76,85.12,29.45,Mango
76,89.06,28.34,Mango
76,87.75,28.19,Mango
76,83.44,28.97,Mango
76,86.88,28.97,Mango
76,89.81,27.98,Mango
76,87.94,28.1,Mango
76,85.06,29.13,Mango
79,82.94,29.44,Mango
78,85.75,29.2,Mango
78,84.12,28.37,Mango
78,86.56,28.73,Mango
78,87.25,29.28,Mango
78,88.31,29.26,Mango
78,89.81,28.8,Mango
78,85.38,28.74,Mango
78,87.19,28.36,Mango
78,82.81,29.69,Mango
78,88.0,28.48,Mango
78,92.25,27.42,Mango
78,91.62,27.4,Mango
78,94.5,27.18,Mango
78,93.94,27.2,Mango
78,89.44,27.68,Mango
78,89.56,28.08,Mango
78,89.19,28.18,Mango
78,85.75,28.74,Mango
78,87.81,28.97,Mango
78,92.06,27.62,Mango
78,89.62,28.0,Mango
78,89.81,28.07,Mango
78,91.31,27.55,Mango
78,88.25,27.98,Mango
78,89.06,27.52,Mango
76,82.94,28.11,Mango
76,87.44,27.55,Mango
76,88.06,28.12,Mango
76,85.44,27.44,Mango
76,80.06,28.26,Mango
76,81.06,28.9,Mango
76,84.25,28.73,Mango
76,91.62,27.46,Mango
76,93.06,26.92,Mango
76,88.94,27.9,Mango
76,89.25,27.93,Mango
76,88.31,27.76,Mango
76,79.19,28.53,Mango
76,83.12,28.3,Mango
76,88.75,27.69,Mango
76,89.12,27.52,Mango
76,91.62,27.26,Mango
76,91.12,26.86,Mango
76,87.38,27.3,Mango
76,83.62,27.7,Mango
76,86.38,27.08,Mango
76,85.62,26.62,Mango
76,83.12,27.29,Mango
76,80.06,27.37,Mango
76,83.25,26.66,Mango
76,84.44,26.5,Mango
76,84.88,26.6,Mango
76,82.88,26.58,Mango
82,90.31,25.19,Jute
82,95.0,23.65,Jute
82,85.75,23.9,Jute
82,81.81,24.23,Jute
82,79.31,23.9,Jute
82,76.06,22.98,Jute
82,75.38,23.33,Jute
82,79.56,24.52,Jute
82,84.0,25.78,Jute
82,85.0,25.82,Jute
82,85.44,26.01,Jute
82,83.5,24.65,Jute
82,76.38,23.31,Jute
82,72.19,23.98,Jute
82,73.44,24.01,Jute
82,73.31,23.39,Jute
81,69.5,22.76,Jute
81,74.44,22.76,Jute
81,74.5,22.9,Jute
81,75.56,22.93,Jute
81,75.94,22.66,Jute
81,81.69,21.46,Jute
81,76.38,20.93,Jute
81,73.94,21.29,Jute
82,78.38,21.69,Jute
82,80.62,21.46,Jute
81,80.19,20.44,Jute
81,79.88,20.4,Jute
80,78.19,21.67,Jute
80,82.06,21.23,Jute
80,83.56,20.05,Jute
80,86.19,20.05,Jute
80,84.62,20.21,Jute
80,80.62,20.89,Jute
80,77.44,20.84,Jute
80,73.56,20.56,Jute
80,80.06,21.02,Jute
77,78.56,22.51,Mango
76,79.75,22.33,Mango
76,82.5,20.82,Mango
