Soil_Moisture,Humidity,Temperature
38,38.81,20.47
90,89.31,28.71
62,69.81,15.22
85,80.06,22.64
39,47.25,28.17
41,46.19,18.96
45,71.38,30.81
48,56.75,17.83
88,84.81,29.05
45,71.31,26.72
89,79.62,23.19
55,68.75,19.69
90,89.69,27.84
91,90.69,28.08
52,64.12,31.51
82,84.88,18.6
55,75.62,30.29
80,87.12,24.31
56,78.19,27.72
76,85.06,29.13
52,74.38,31.96
44,69.81,29.08
37,64.38,32.55
91,90.31,29.07
86,89.81,27.76
93,92.94,28.09
39,42.88,25.27
80,73.56,20.56
88,89.12,26.45
92,85.88,26.15
41,52.31,20.37
87,75.44,22.49
48,57.88,18.76
78,85.75,29.2
83,78.75,20.27
32,55.25,30.57
66,61.38,19.03
70,74.69,23.11
43,60.12,26.86
93,93.44,27.55
73,76.56,17.58
76,88.38,21.58
83,86.06,28.79
89,88.06,28.85
84,90.0,28.73
86,95.0,23.91
92,85.25,23.4
71,86.25,28.25
36,50.44,32.44
91,92.69,27.73
95,90.5,27.57
66,67.06,17.12
88,82.81,24.72
94,85.56,28.99
95,91.31,28.8
91,84.25,23.49
51,65.0,16.21
62,75.31,24.12
66,79.0,16.76
55,85.69,23.2
41,40.81,28.05
42,61.44,21.33
52,69.62,17.36
92,87.0,27.48
82,81.06,25.28
38,56.06,27.95
97,94.62,26.03
45,35.62,20.87
87,86.12,28.59
42,52.12,29.32
77,83.75,18.16
52,80.69,29.62
91,89.06,28.52
38,46.88,20.46
82,88.38,27.66
67,56.31,21.69
91,94.06,26.32
82,82.94,29.93
86,81.31,27.52
42,61.56,17.52
87,81.44,28.4
33,59.06,30.09
80,80.0,15.26
65,67.81,15.5
94,83.38,30.05
88,83.62,28.41
98,90.94,28.41
39,68.88,21.74
92,93.5,28.21
91,86.81,28.57
90,83.5,28.35
61,63.75,21.45
91,85.75,29.9
45,61.12,17.07
88,87.06,28.49
41,51.62,19.58
94,90.31,26.48
69,65.38,16.46
91,85.38,26.51
58,60.88,20.62
89,92.25,28.11
91,94.38,27.62
52,75.44,30.89
51,77.94,27.18
91,89.06,28.6
78,91.31,27.55
42,58.19,21.6
56,67.0,20.37
57,80.19,27.87
62,74.75,23.36
84,80.62,22.24
61,67.75,16.77
90,90.75,28.64
45,61.0,28.61
77,89.19,28.64
92,83.94,23.4
94,90.56,27.98
74,77.94,22.9
65,76.88,30.58
95,88.38,28.9
80,82.94,15.11
88,91.12,26.62
56,81.5,29.92
83,81.06,16.93
80,85.5,25.1
83,81.25,22.35
55,78.38,17.87
91,90.56,28.99
78,74.25,28.37
44,59.62,18.89
61,61.19,20.37
54,77.0,28.46
80,73.06,12.42
84,92.0,27.8
81,73.94,21.29
74,92.31,22.82
50,79.94,28.92
76,75.62,20.84
93,82.62,29.33
93,89.12,27.96
65,70.0,13.91
61,69.56,21.9
77,80.56,29.27
73,84.5,26.69
90,87.88,28.05
37,61.69,27.01
89,91.44,28.63
45,71.19,26.87
37,52.0,28.3
51,48.94,21.54
53,66.81,24.79
93,92.31,28.43
91,91.38,28.37
69,73.56,16.94
91,90.12,27.65
82,84.38,18.76
88,90.75,27.51
82,87.56,28.21
91,79.56,27.93
89,89.62,29.25
80,88.31,26.05
82,74.75,14.75
92,77.31,24.4
91,93.31,26.87
66,72.94,22.98
66,84.44,28.23
84,78.81,21.94
48,57.06,22.15
88,74.25,22.23
91,86.81,28.58
82,84.94,16.88
37,52.75,31.23
97,93.12,28.4
34,71.88,28.87
90,91.44,28.27
73,87.0,26.78
88,88.25,28.11
83,70.56,28.19
83,85.31,16.2
84,83.44,19.42
89,90.69,27.19
55,82.81,29.69
47,76.31,29.25
41,69.38,28.76
94,90.75,28.51
91,87.44,28.16
51,49.94,22.38
40,67.94,32.48
51,80.19,28.77
38,66.38,32.09
91,90.88,27.98
96,93.44,27.85
91,86.88,28.65
53,75.31,30.76
86,87.56,28.86
38,60.88,26.91
78,87.81,28.97
86,80.44,29.87
95,91.25,27.87
94,88.75,27.87
38,43.88,19.94
34,62.0,32.73
92,87.62,27.37
39,51.44,18.08
68,70.81,16.96
77,87.12,29.09
88,87.94,25.86
44,68.81,31.78
91,89.69,29.35
84,78.5,19.68
41,61.0,30.05
38,61.38,27.75
91,89.56,28.86
88,90.5,27.78
40,36.88,19.11
55,59.25,31.8
82,86.56,29.34
94,94.06,26.05
85,93.31,27.93
91,91.25,27.69
51,55.44,22.23
43,70.12,30.08
65,69.81,23.25
76,85.12,29.45
84,78.81,18.58
31,60.19,30.74
55,75.06,20.63
83,75.56,16.94
96,91.06,27.91
90,88.5,28.47
76,69.5,15.65
76,94.69,22.32
82,85.44,26.01
83,89.38,28.84
89,92.25,27.79
58,70.81,27.49
67,74.25,25.54
40,70.81,29.15
78,92.25,27.42
86,78.62,18.83
92,75.31,24.75
52,61.56,19.69
89,83.88,29.94
89,83.81,26.85
54,68.31,16.06
66,71.62,15.89
54,67.31,30.04
53,68.75,17.65
85,88.56,28.38
51,78.38,28.02
61,79.81,27.44
83,86.75,29.58
43,71.06,18.43
64,82.25,23.44
71,86.19,28.67
94,85.44,27.93
78,89.0,28.55
62,71.88,21.5
83,77.62,20.59
95,90.19,28.56
94,90.44,28.3
61,63.62,19.58
84,85.12,20.81
80,80.06,21.02
58,70.25,21.48
57,62.5,18.69
95,94.75,27.21
35,41.0,28.08
91,90.0,28.39
83,85.0,21.76
50,64.88,18.05
70,79.88,18.37
91,90.31,28.77
41,65.0,23.78
65,80.75,30.33
49,60.69,32.81
66,73.75,16.65
73,75.88,16.25
47,71.94,24.07
79,90.06,27.66
90,90.88,28.63
95,92.75,28.31
91,92.06,26.89
48,54.88,22.19
62,64.94,16.57
91,81.75,22.98
54,52.81,15.67
42,58.12,27.31
82,86.12,29.26
38,66.81,26.37
80,79.69,15.55
61,58.88,22.52
95,92.56,27.15
83,87.38,29.01
85,90.81,28.52
86,89.94,28.66
52,79.81,30.39
37,53.44,21.62
77,89.0,28.83
53,75.88,31.35
88,87.0,26.07
92,92.19,27.84
70,87.19,28.42
46,68.25,28.86
55,55.12,18.1
88,84.94,28.29
81,88.81,28.55
90,90.31,28.05
95,91.62,27.93
33,40.75,28.17
94,94.31,28.35
79,87.94,29.06
70,77.38,17.35
80,83.88,29.67
52,71.0,30.48
66,74.88,18.17
91,89.88,28.76
84,87.81,29.62
99,95.19,27.8
48,53.75,17.8
39,68.81,30.5
92,87.69,28.04
59,82.75,28.79
77,87.19,28.61
91,93.81,27.64
34,49.06,30.36
55,72.44,30.07
88,87.94,28.7
90,88.75,28.57
93,88.5,28.49
34,62.06,29.8
91,91.44,28.15
86,86.19,27.4
78,85.75,28.74
91,86.75,29.86
89,90.69,28.74
95,94.38,27.15
88,87.19,29.44
90,90.88,27.62
50,70.38,30.45
78,88.31,29.26
82,90.69,25.79
38,42.88,30.78
91,90.19,29.08
85,92.75,27.44
76,81.75,18.57
74,83.31,28.1
85,87.5,27.92
76,91.12,26.86
51,63.12,21.56
88,82.81,20.42
41,52.25,20.2
86,87.0,24.51
80,79.31,17.4
77,83.62,17.67
64,68.0,19.81
64,65.75,15.89
73,82.56,27.73
47,73.06,23.78
41,67.19,28.17
73,82.62,28.44
59,66.94,17.38
91,91.56,28.27
47,72.75,30.9
83,79.06,20.88
84,81.75,20.47
92,90.25,27.96
76,88.75,27.69
89,90.88,28.45
90,89.12,27.56
46,55.56,17.73
32,30.69,26.82
95,93.0,27.83
38,46.94,26.08
78,86.31,29.01
95,89.75,28.23
91,89.44,28.24
87,81.12,27.08
93,93.38,28.18
93,90.25,28.62
49,64.0,18.91
94,91.44,27.86
92,80.25,29.77
50,48.56,24.63
80,84.5,15.34
58,63.56,18.1
38,50.38,21.94
88,76.5,22.32
64,65.62,21.19
58,64.38,22.69
43,51.31,27.01
81,69.5,22.76
57,88.69,27.28
90,91.69,28.41
59,83.0,29.73
61,67.25,22.49
85,79.19,26.67
91,86.12,28.15
82,73.44,24.01
92,93.25,26.55
62,55.69,22.12
59,66.5,15.99
89,90.19,28.29
78,92.06,27.62
92,92.56,27.51
84,89.94,28.15
78,86.12,28.44
48,43.06,23.02
70,74.25,22.64
61,61.94,14.05
96,90.75,28.21
77,89.44,28.73
73,76.5,28.93
90,86.5,29.11
66,69.94,22.33
97,90.69,27.97
69,74.19,16.89
91,89.56,24.12
91,91.81,28.08
95,81.19,29.51
57,70.12,23.94
89,90.69,27.78
46,51.69,24.8
34,37.44,32.39
49,71.12,25.98
85,90.19,28.92
77,77.69,16.04
92,91.12,28.26
41,39.62,19.83
96,93.75,26.44
77,86.81,29.16
76,84.88,26.6
59,81.94,30.15
91,89.56,29.08
66,65.44,22.65
60,87.38,28.71
37,64.19,32.07
77,88.31,28.53
45,67.0,25.48
38,50.5,28.71
87,84.12,25.28
44,48.81,15.32
86,83.88,22.8
93,93.19,27.51
91,92.25,28.51
45,49.31,19.26
38,54.12,28.23
52,58.38,16.76
89,85.38,28.19
83,85.94,21.07
95,88.62,29.09
80,80.62,20.89
45,56.0,27.38
83,84.31,16.62
84,89.44,28.39
43,82.56,26.62
84,87.94,29.2
91,91.25,27.76
91,91.56,28.44
91,87.62,28.42
55,61.12,17.77
80,87.19,18.45
51,50.25,21.11
51,70.69,31.73
82,85.88,27.37
53,55.0,18.95
69,67.25,15.73
82,90.0,29.06
93,89.44,28.25
82,74.12,19.99
96,91.19,28.0
84,71.19,26.9
88,82.81,27.42
42,45.31,27.24
73,82.38,18.73
45,69.75,27.45
78,86.62,28.37
84,88.0,28.83
84,89.62,28.08
82,89.56,18.15
74,82.44,25.13
45,47.81,17.76
44,49.88,19.34
91,86.0,27.73
81,84.12,29.51
60,57.62,20.44
52,75.25,26.21
43,71.56,31.33
93,85.94,29.42
52,71.31,30.76
81,87.19,28.76
43,61.12,27.86
41,58.12,24.53
77,85.56,28.61
91,91.38,27.79
93,91.06,28.17
80,82.0,17.89
91,86.88,28.54
48,56.19,22.23
38,66.5,23.96
68,69.06,14.6
68,76.31,14.31
91,91.5,28.43
38,52.81,29.85
90,85.25,28.54
34,51.75,33.25
73,73.94,15.4
82,84.0,25.78
60,75.06,22.56
98,94.62,27.61
93,83.94,29.4
86,87.44,28.07
94,84.69,29.4
72,75.88,23.15
56,77.5,22.12
47,36.5,22.55
78,90.81,27.98
77,81.12,19.15
80,73.0,18.88
90,80.94,28.37
82,84.38,16.0
42,55.62,19.8
93,85.62,26.13
81,78.12,17.23
32,41.88,33.9
91,87.94,28.55
77,65.75,14.64
68,67.56,21.9
90,90.75,28.41
93,89.94,27.9
53,89.25,29.14
78,94.5,27.18
84,88.0,27.75
92,88.31,27.94
45,53.69,24.22
82,80.38,20.37
81,75.56,22.93
68,73.12,18.21
79,78.81,28.94
84,86.81,29.03
87,80.88,28.63
39,47.75,20.58
93,90.62,28.06
81,80.56,28.8
95,93.75,27.73
53,79.31,30.73
49,71.12,30.58
92,84.19,24.48
91,90.5,28.41
93,89.88,28.4
51,54.19,17.23
91,92.5,28.78
86,90.69,23.89
91,92.69,27.55
93,87.88,28.66
77,74.88,19.51
80,75.62,18.83
97,93.81,27.18
46,61.88,30.52
68,87.31,27.75
44,53.25,28.13
77,80.5,17.9
79,93.5,27.23
75,78.56,27.21
65,73.38,17.48
91,86.25,30.11
81,79.88,20.4
77,88.62,28.53
40,60.38,29.61
51,64.75,32.08
41,64.75,22.78
82,87.19,18.35
33,47.19,33.06
82,79.31,23.9
93,89.5,28.67
70,78.12,18.86
53,78.44,26.8
61,71.69,21.8
94,85.19,29.19
96,84.62,29.51
43,53.12,29.28
44,52.12,16.42
80,84.62,20.21
98,94.44,27.41
77,84.69,19.05
65,75.31,22.32
78,85.94,28.6
92,90.81,28.63
63,83.25,28.48
87,84.19,23.26
92,88.94,28.24
91,87.0,26.82
54,77.06,30.66
84,92.81,28.57
41,56.12,32.81
84,75.25,26.58
94,85.0,28.06
96,94.25,27.37
80,74.44,22.83
84,86.06,27.65
42,52.19,32.08
52,70.12,26.02
95,90.81,28.58
55,58.69,17.37
76,65.06,15.56
51,63.81,25.2
94,94.62,26.88
87,76.81,21.78
82,87.56,29.44
91,84.12,28.77
78,88.12,28.92
91,94.12,26.74
97,92.31,28.15
88,82.12,21.39
57,79.88,27.19
98,90.62,28.27
82,71.5,18.97
92,80.88,29.36
95,90.19,28.37
89,87.12,28.97
80,93.31,23.01
56,65.88,17.76
41,43.56,26.51
81,89.69,29.05
80,82.44,16.76
52,57.81,20.6
93,91.31,28.55
82,73.31,23.39
92,81.88,29.19
94,92.12,28.04
46,50.31,17.1
59,79.94,25.32
87,78.06,27.05
43,52.81,19.02
61,81.0,26.54
81,81.12,18.7
95,91.75,27.57
84,90.62,29.26
96,91.56,27.94
87,84.25,26.12
89,89.31,28.45
81,70.38,23.45
43,74.56,27.47
47,72.75,19.87
41,54.94,18.47
77,83.69,16.6
77,77.25,20.19
45,63.44,26.2
79,90.69,28.02
77,85.25,28.66
45,73.31,26.89
95,90.12,27.33
78,89.62,28.0
35,41.5,29.01
70,86.0,29.22
76,80.06,20.13
85,86.81,29.37
36,73.88,29.41
35,36.31,28.91
80,80.62,27.51
77,86.62,29.26
52,67.62,32.38
94,89.44,27.48
88,90.56,27.18
89,89.12,27.61
83,71.62,24.44
95,91.81,27.08
91,93.25,27.92
85,79.44,22.92
76,85.62,26.62
40,70.75,29.69
80,87.56,14.88
51,60.5,23.21
79,88.75,28.51
77,88.31,28.84
93,90.31,28.75
44,59.5,30.54
91,71.94,27.88
91,91.0,28.45
88,85.31,28.58
47,55.44,16.37
91,94.81,27.78
79,78.94,11.98
38,51.75,29.86
93,87.31,28.21
98,94.12,26.84
89,89.75,28.15
36,62.75,31.38
77,92.19,27.86
93,91.06,27.83
92,87.69,29.48
72,82.75,26.58
52,55.69,14.44
80,82.81,16.73
79,91.62,28.03
69,85.44,28.37
87,79.81,20.83
90,85.25,27.07
43,68.88,29.2
82,78.81,17.6
52,74.5,31.21
39,36.94,26.72
51,61.25,26.01
76,83.62,27.7
91,87.31,25.34
85,79.5,22.15
73,83.25,27.47
45,46.5,25.95
92,94.56,26.16
94,93.44,27.45
51,57.12,24.19
86,87.38,24.13
55,88.38,20.73
38,48.81,27.25
36,72.0,29.74
92,86.94,28.51
52,73.44,28.48
78,75.94,29.06
82,80.94,18.53
56,78.75,30.37
92,85.12,24.82
33,53.88,30.01
91,88.75,29.12
89,89.94,28.01
81,76.38,20.93
81,86.56,30.12
52,52.62,22.69
94,91.44,28.35
96,89.0,28.51
95,89.5,28.8
71,74.06,22.9
58,85.44,29.34
70,75.88,23.23
80,75.31,25.76
82,76.69,24.12
86,77.94,26.55
94,90.38,28.49
45,61.12,27.68
91,90.56,28.23
95,89.12,28.36
77,79.75,19.0
68,87.44,28.78
79,86.12,27.3
83,77.0,22.77
74,83.62,29.0
88,78.38,29.19
83,86.06,21.79
54,77.75,30.87
88,83.69,28.08
88,89.06,28.29
80,79.69,18.75
90,88.31,28.73
93,81.5,26.94
35,49.56,26.42
90,89.75,27.45
56,84.06,29.09
70,79.75,16.83
79,89.5,28.33
47,72.19,30.68
94,88.5,27.05
57,63.0,23.05
88,89.25,28.26
88,88.5,28.93
81,83.06,16.4
76,61.06,14.6
91,89.5,28.87
43,64.25,27.94
62,72.0,16.95
93,88.94,28.82
95,88.12,28.31
59,73.81,21.7
79,82.88,18.93
81,86.06,27.2
54,77.38,30.83
89,92.06,27.65
80,77.94,16.24
66,66.31,16.91
76,82.88,26.58
86,94.88,23.57
91,92.38,27.94
70,67.12,21.97
95,91.5,27.9
82,85.88,18.8
73,87.06,28.16
84,87.25,29.44
92,81.69,23.89
83,72.88,24.21
61,69.44,23.94
65,67.94,16.1
91,90.0,27.19
70,83.69,27.48
80,84.88,26.86
71,73.0,18.55
36,55.12,32.12
73,83.81,19.23
71,87.06,29.02
53,74.44,19.4
96,93.19,26.8
91,88.0,28.39
36,56.62,31.32
66,71.56,22.71
88,81.12,25.44
66,72.0,19.76
82,86.44,29.02
79,87.56,28.7
41,58.25,19.55
80,74.62,18.94
91,91.5,28.1
91,87.69,29.19
86,80.31,20.76
91,90.06,28.98
93,89.25,26.52
62,55.38,21.67
94,89.81,28.46
38,39.62,18.54
49,66.0,31.36
89,89.5,28.78
83,82.88,30.63
91,88.25,28.73
92,84.5,23.8
89,81.44,23.8
90,79.0,22.7
88,81.12,30.15
57,71.69,18.04
79,83.38,29.39
51,46.31,19.44
84,78.0,16.8
94,94.88,26.84
52,55.62,19.87
91,87.69,28.65
88,86.44,27.76
34,63.88,32.6
40,55.69,23.78
45,66.5,25.55
89,88.81,28.37
88,85.25,25.26
51,69.44,28.23
59,75.81,21.47
55,72.0,20.21
83,85.19,28.38
90,86.94,29.16
80,84.0,19.3
76,79.0,15.89
78,78.69,14.76
80,85.81,18.3
47,62.81,25.73
91,90.56,28.14
39,67.56,32.19
95,91.38,28.31
91,90.62,28.72
81,85.31,20.58
91,94.62,27.02
76,84.25,28.73
88,76.75,20.98
96,90.81,28.65
64,59.75,17.15
81,87.19,18.78
88,88.44,28.06
63,66.19,16.19
63,70.88,20.65
45,53.5,18.06
42,72.75,31.23
80,89.88,26.4
69,81.12,27.6
80,83.06,14.29
94,90.88,27.87
42,64.81,26.3
66,72.38,22.85
77,70.38,16.06
93,91.0,28.8
52,76.81,31.18
64,73.88,21.81
91,88.88,28.74
97,91.38,27.87
61,75.94,21.65
83,78.19,19.5
56,68.62,20.94
45,63.06,17.15
83,87.31,28.76
45,58.94,16.44
80,83.56,20.05
76,89.25,27.93
51,50.88,25.16
89,92.19,27.96
43,77.38,26.98
60,79.0,27.73
82,79.56,24.52
55,64.88,18.09
60,71.06,21.26
94,93.56,26.93
78,93.94,27.2
50,78.94,28.33
45,57.31,16.8
41,67.62,29.96
43,71.38,25.91
39,67.12,32.21
40,60.5,32.46
91,93.44,27.3
59,72.62,23.19
91,91.44,27.51
80,84.31,18.62
91,87.5,28.09
95,85.88,29.77
55,71.5,30.3
74,86.56,29.2
56,78.12,29.23
87,83.5,22.91
36,64.12,32.23
68,76.38,22.41
82,89.75,28.86
78,91.62,27.4
95,87.0,27.71
91,92.31,28.08
90,89.75,28.65
98,88.62,28.73
93,92.5,28.34
83,78.75,20.9
45,59.69,17.28
96,94.25,28.13
41,53.38,28.15
80,81.19,15.9
94,91.12,27.65
89,90.44,22.86
80,79.5,20.65
97,87.56,27.61
79,86.62,27.67
55,60.81,24.16
51,62.94,33.3
84,86.25,28.69
95,87.56,28.96
77,90.69,27.84
97,91.44,28.21
55,76.56,17.44
34,54.62,33.3
83,77.0,22.02
69,76.06,18.5
45,70.06,27.58
81,74.5,22.9
41,65.44,32.75
55,60.19,21.83
77,88.06,28.73
76,83.69,16.52
81,81.69,21.46
45,66.88,28.08
96,91.62,27.52
92,86.94,27.62
62,61.88,18.32
92,91.62,27.89
52,76.12,31.47
59,84.62,29.13
52,73.19,30.8
81,81.88,23.9
89,91.06,28.78
78,87.25,29.28
79,85.69,29.29
76,87.44,27.55
91,83.69,25.94
74,82.19,18.18
89,89.12,28.52
78,87.19,28.58
94,92.31,28.8
80,74.5,12.3
95,91.12,28.19
88,90.69,28.19
80,78.19,19.17
92,88.81,28.71
42,73.62,28.5
48,64.81,19.73
63,71.12,24.12
64,66.75,21.58
78,89.81,28.8
41,44.12,19.08
62,42.94,21.08
46,72.62,30.39
41,64.38,32.51
38,59.88,31.44
71,88.56,28.45
92,85.12,28.42
86,88.94,27.58
79,87.62,27.99
84,88.0,29.05
96,92.44,28.25
62,76.12,28.39
90,89.75,28.78
77,89.38,28.18
90,90.75,27.84
90,86.06,28.89
61,55.25,23.02
88,91.44,27.64
80,74.75,25.15
38,50.75,20.11
89,93.19,28.06
55,76.19,28.19
87,85.94,24.76
67,72.06,22.66
91,83.56,25.82
86,88.12,27.0
78,82.44,14.56
80,77.94,19.51
43,74.06,28.17
88,91.5,27.79
93,91.12,25.92
76,83.12,27.29
79,90.25,28.13
44,59.75,18.01
51,61.06,21.18
94,91.88,28.32
90,87.75,24.25
86,81.81,29.16
83,87.0,29.94
52,60.81,13.76
49,65.44,19.29
88,83.62,25.38
45,57.0,17.68
94,92.62,28.33
80,76.56,18.53
77,85.5,29.26
38,42.25,22.78
92,91.38,28.17
90,85.88,24.19
43,54.94,21.08
91,93.81,28.61
67,71.44,19.91
38,65.19,25.51
90,91.06,27.72
61,54.75,18.72
46,63.06,18.06
62,84.06,27.34
83,79.62,16.53
43,68.31,25.73
98,91.19,28.22
98,94.0,27.41
75,91.38,27.05
79,80.0,14.23
93,85.12,27.04
47,54.81,16.65
91,91.75,28.33
51,75.0,31.08
91,90.88,29.17
91,87.56,28.87
95,93.38,26.4
92,87.56,27.41
73,70.0,14.69
51,68.62,24.2
45,59.06,18.53
34,67.31,31.88
91,79.0,22.24
91,91.62,28.44
91,90.94,27.56
41,50.19,26.3
86,90.31,24.19
95,87.62,29.07
45,61.06,26.4
95,90.69,28.05
97,92.31,27.49
51,73.31,32.16
48,43.81,23.87
40,46.25,20.42
86,76.25,21.78
91,84.12,29.8
91,92.0,28.61
38,64.88,32.9
90,86.25,26.83
77,87.12,29.21
95,88.38,29.19
44,46.88,15.19
73,85.5,18.64
82,84.62,17.89
76,88.94,27.9
50,77.88,29.41
91,91.75,28.71
76,79.75,22.33
43,61.69,18.18
91,89.25,28.91
42,51.75,27.3
93,91.38,27.89
89,84.0,28.87
69,64.31,16.73
59,61.62,21.48
62,70.94,20.76
89,90.25,28.62
38,64.62,30.49
96,88.88,29.45
78,89.06,27.52
67,72.0,22.23
66,70.38,16.61
98,89.75,27.98
92,88.88,28.55
93,86.94,27.61
89,90.56,28.94
53,85.31,29.55
93,91.81,28.38
46,70.69,24.31
47,61.94,17.22
89,94.44,25.75
83,84.56,19.05
91,93.06,27.64
80,75.25,25.21
94,87.62,28.54
62,71.88,15.45
95,90.69,28.95
58,86.56,27.58
77,83.69,16.82
34,43.56,28.8
87,77.25,22.3
59,71.5,31.37
45,64.69,17.15
48,48.69,24.08
83,78.25,19.92
43,68.0,20.71
76,76.31,18.76
69,86.31,26.76
87,78.0,20.55
90,89.81,27.34
40,68.75,31.98
94,88.5,28.65
83,73.12,24.59
95,89.19,28.36
90,86.12,29.49
83,80.94,17.55
90,83.19,29.33
55,64.12,20.36
93,90.5,27.67
65,73.12,17.56
76,72.44,16.79
47,71.75,25.68
91,91.75,26.46
84,88.19,20.93
80,80.69,14.52
73,74.5,23.64
48,49.25,22.76
91,84.19,29.87
42,63.81,21.66
86,76.31,29.37
75,81.56,17.41
83,87.88,28.95
91,87.19,28.82
89,85.81,28.24
90,92.31,28.32
80,83.25,15.15
90,93.44,27.38
49,61.5,17.36
79,84.81,29.76
91,90.75,28.47
82,83.56,16.38
82,78.38,21.69
61,64.19,22.25
76,84.5,19.55
80,84.94,29.78
90,90.81,28.84
88,83.56,20.77
83,84.69,19.46
88,91.25,27.57
91,92.19,27.37
72,86.38,28.41
82,89.5,28.91
51,75.69,30.2
87,85.56,28.62
90,87.06,28.12
80,70.56,11.84
83,80.38,18.98
46,68.19,22.2
90,90.0,27.9
80,69.19,25.0
77,89.38,28.28
91,89.88,28.67
76,82.62,18.37
64,60.94,15.15
34,74.81,27.52
88,86.06,27.47
51,70.75,30.19
82,77.75,19.33
93,92.19,27.43
91,80.69,23.01
42,46.25,26.65
89,90.06,28.17
70,81.94,17.44
83,82.69,16.46
46,60.56,32.51
62,61.88,25.4
84,87.81,27.98
89,90.75,24.56
95,89.44,29.0
69,77.12,19.65
89,80.69,29.31
86,87.25,27.76
35,63.12,30.58
88,89.94,28.07
82,73.94,15.9
88,82.06,29.8
84,75.44,21.7
95,95.31,28.02
62,70.88,21.13
91,86.38,28.64
92,87.69,28.86
80,79.81,20.06
80,76.62,18.44
38,62.12,29.58
70,80.12,17.88
39,33.5,27.11
93,89.56,28.06
90,93.69,28.27
91,91.62,28.37
88,84.62,29.9
97,88.5,28.98
76,86.69,22.1
96,92.06,28.19
47,70.88,30.28
45,66.88,24.85
82,76.88,16.1
58,82.62,30.09
79,85.44,29.35
66,64.81,15.38
78,93.12,28.12
81,70.75,25.25
79,85.44,29.81
93,91.06,28.09
89,90.25,27.76
91,91.56,28.21
97,95.25,26.34
88,79.5,24.01
51,61.0,32.01
77,89.56,28.54
88,87.38,29.37
46,62.94,25.83
44,58.44,29.66
40,68.44,30.55
82,80.62,21.46
91,90.31,27.9
91,76.31,23.22
74,84.25,26.26
88,86.12,26.65
47,68.12,28.9
51,71.31,31.65
61,58.56,19.79
51,51.19,24.74
80,79.31,25.18
51,62.38,20.01
93,89.5,27.8
37,48.94,21.08
89,90.25,28.46
76,82.5,20.82
54,62.5,18.89
95,93.19,27.64
90,80.44,29.5
38,65.75,32.41
52,76.88,31.31
40,65.81,25.55
70,81.94,19.68
93,89.06,28.27
52,62.31,16.11
56,78.06,29.51
69,82.81,27.82
62,73.0,19.21
86,83.44,28.65
64,77.31,16.44
91,90.0,27.91
79,86.88,28.51
41,65.31,28.3
86,81.81,28.66
88,84.19,27.58
41,64.5,20.88
59,84.44,29.65
84,88.62,20.84
44,53.75,19.3
48,74.75,20.37
93,86.75,26.54
40,44.38,26.77
97,95.19,27.45
85,75.0,24.17
95,93.19,28.01
94,94.19,27.01
96,93.19,27.67
57,65.88,22.9
38,67.75,30.19
89,85.19,29.19
90,81.38,23.6
82,72.19,23.98
78,85.56,28.83
92,89.44,28.05
80,77.69,25.49
84,83.44,20.93
76,89.81,27.98
53,58.44,16.55
53,88.69,28.9
92,81.81,28.95
92,92.44,27.89
43,76.81,28.85
86,80.69,28.76
82,95.0,23.65
51,73.06,29.99
75,84.5,29.94
82,79.19,18.93
55,61.5,24.1
82,86.44,29.64
95,86.69,28.52
85,85.56,22.0
90,87.69,28.44
95,93.38,27.89
78,89.81,28.07
45,66.12,28.85
70,65.81,15.63
83,84.12,17.05
81,88.69,29.51
88,84.12,25.5
58,72.0,24.0
88,83.31,23.0
89,81.56,23.19
91,88.44,29.06
95,91.88,27.83
85,91.88,28.01
92,89.56,28.39
66,80.0,17.73
82,93.69,25.26
76,78.94,16.64
80,73.81,19.82
91,85.62,23.48
82,81.88,30.19
66,68.5,15.98
93,88.94,29.17
55,75.5,17.48
91,91.81,27.08
51,60.25,24.83
71,75.56,25.72
45,34.0,21.12
71,80.06,16.93
37,44.5,28.1
91,90.75,27.83
77,89.5,28.95
88,91.81,28.02
91,91.69,28.75
40,80.31,25.47
41,66.56,31.33
49,47.25,23.23
89,83.81,29.26
94,93.44,27.56
48,52.56,17.9
91,88.69,28.87
78,89.19,28.18
62,68.5,19.42
35,52.06,29.27
84,85.88,20.71
78,87.12,29.01
34,52.81,33.5
79,92.88,23.01
51,72.25,26.71
84,91.12,28.48
89,82.69,29.37
43,48.0,18.68
90,90.31,28.24
91,85.06,29.26
39,44.44,24.89
95,91.56,27.59
90,89.75,29.2
36,61.81,31.25
38,64.44,33.49
83,74.31,27.6
79,92.12,27.62
94,84.5,29.15
95,89.44,28.12
40,49.5,17.75
86,78.38,21.12
73,88.81,19.29
91,92.06,27.37
47,56.62,18.73
88,82.81,25.12
91,90.94,27.49
92,89.69,28.75
95,93.81,27.52
77,91.69,27.98
91,91.06,27.78
78,73.81,28.26
74,85.31,27.51
96,84.06,28.22
82,78.19,15.44
98,90.44,28.29
89,80.38,28.39
41,60.81,30.09
91,95.44,26.19
46,39.0,25.06
77,70.0,14.93
91,91.94,23.98
80,70.44,25.21
40,55.25,32.94
96,91.06,28.73
62,78.06,22.8
91,87.75,28.53
87,92.5,22.58
71,70.69,16.02
62,64.69,20.33
91,90.94,28.29
84,83.06,18.67
91,91.25,28.24
59,76.88,30.5
88,85.94,27.07
97,91.25,28.55
91,90.06,27.37
89,88.94,28.94
45,68.69,30.56
60,61.69,17.34
66,89.5,28.45
90,71.38,28.38
38,59.0,25.64
48,60.94,18.05
88,86.12,26.4
82,82.12,18.81
64,68.81,14.82
89,84.19,28.57
38,69.19,26.19
83,82.38,22.74
73,91.12,27.83
91,74.75,22.87
94,92.31,27.32
45,61.5,25.7
89,92.38,28.15
83,88.44,27.93
41,52.19,21.38
91,89.56,28.77
92,75.12,24.69
95,90.81,28.44
46,59.81,17.19
35,50.94,31.75
91,90.0,29.01
62,64.31,22.85
70,82.12,17.8
45,70.88,26.76
95,89.75,28.48
38,56.5,32.97
55,73.75,29.63
52,75.31,29.77
82,85.75,23.9
92,79.31,29.7
88,80.06,25.12
89,93.81,27.12
56,82.44,29.93
84,79.94,21.19
94,85.0,29.34
82,86.12,18.11
76,88.06,28.12
76,73.69,15.27
81,84.06,14.48
51,74.5,32.28
37,40.62,30.02
95,91.25,28.26
83,82.19,21.41
91,93.81,28.56
38,64.06,26.54
76,83.44,28.97
83,81.44,17.75
82,85.12,30.2
91,89.94,25.9
88,85.56,28.72
92,88.94,28.36
84,75.56,18.3
45,66.25,25.73
87,81.62,27.32
34,45.12,28.76
52,59.69,16.82
31,57.81,30.82
98,92.62,28.27
83,75.69,17.11
44,72.81,24.01
95,87.88,27.73
95,90.06,28.19
76,87.75,28.19
89,84.69,22.41
91,91.38,28.73
92,89.56,27.87
93,94.0,27.87
95,93.12,27.25
91,91.12,28.41
52,74.88,31.51
76,84.44,26.5
43,66.88,19.49
91,91.12,28.29
95,92.12,27.61
55,78.94,28.82
91,88.69,28.37
59,57.44,18.84
85,87.31,28.58
46,52.31,17.19
45,57.88,28.37
50,65.75,30.91
62,62.75,25.88
38,64.88,30.35
76,86.88,28.97
93,71.38,22.82
79,88.12,29.26
61,73.44,20.58
88,85.62,29.3
82,81.75,14.81
53,51.69,22.08
89,89.62,28.48
88,79.56,29.72
43,74.62,27.71
62,53.56,17.76
78,92.31,27.01
97,94.81,28.26
46,36.38,25.12
94,89.38,27.75
87,87.81,28.03
56,62.88,22.27
82,88.56,29.01
71,79.25,25.28
91,89.94,29.21
41,66.75,32.21
89,90.94,28.86
83,83.12,21.37
90,81.62,27.52
79,91.69,27.38
39,51.56,27.45
80,77.44,20.84
86,87.06,28.69
77,87.06,27.71
46,64.06,26.01
65,83.06,29.8
81,72.44,23.87
84,90.56,27.7
42,76.25,28.19
95,91.25,26.74
54,69.75,18.55
79,88.06,28.34
55,66.06,30.9
91,81.62,27.37
96,90.5,27.56
82,86.69,18.43
31,34.75,28.81
92,88.94,28.38
79,88.75,29.23
53,89.56,28.63
87,92.44,22.89
57,81.0,27.32
76,94.38,21.84
84,88.0,28.62
81,84.5,27.19
94,90.25,28.42
49,55.38,21.21
77,87.31,29.4
46,73.75,30.41
80,86.0,17.2
70,85.0,27.98
34,58.38,31.66
45,57.75,16.19
41,46.44,19.43
76,80.06,27.37
66,68.12,22.12
89,82.25,30.8
56,78.81,21.24
55,75.81,27.97
76,81.06,28.9
76,89.12,22.71
51,60.0,23.76
86,84.12,26.3
77,84.44,17.45
45,54.69,28.2
96,92.62,28.32
62,72.5,28.18
90,80.38,27.7
57,61.88,20.3
34,71.0,27.25
77,90.0,28.29
55,79.5,28.33
32,58.81,30.14
91,93.62,28.05
87,82.12,23.05
84,77.56,28.26
87,78.81,22.62
82,90.31,25.19
85,93.0,29.05
87,83.19,23.37
79,91.94,27.29
90,91.12,28.93
48,57.06,17.59
84,86.88,28.94
88,82.19,28.95
45,56.5,17.1
80,87.38,16.87
95,90.75,28.49
89,89.94,28.35
74,84.56,27.26
65,68.25,17.58
44,57.81,31.49
56,82.81,27.04
47,41.06,24.01
80,71.94,24.16
46,39.44,25.73
31,54.12,30.43
94,91.25,28.55
72,81.06,23.94
45,51.25,25.62
46,59.62,18.14
44,51.69,15.14
93,92.12,28.11
82,86.06,17.05
83,88.94,23.26
40,63.19,23.08
63,64.81,20.91
34,57.81,31.33
92,91.25,28.16
48,50.94,24.16
51,56.0,22.43
92,83.0,23.29
51,55.88,20.71
82,80.12,19.05
43,68.12,29.97
52,87.94,27.9
97,94.0,28.3
87,82.56,28.01
55,68.75,29.85
96,90.0,28.22
38,65.31,32.94
88,89.69,28.44
38,67.75,29.73
92,85.44,26.73
80,90.0,15.35
45,52.88,26.85
48,69.88,30.59
83,85.31,17.01
70,81.88,24.96
91,92.56,27.99
61,56.5,19.83
95,92.81,27.82
92,87.38,29.19
48,49.44,23.71
95,82.56,29.15
65,42.94,20.9
55,77.38,31.05
77,82.62,28.83
43,61.31,25.95
89,88.19,28.29
92,87.69,28.08
55,72.69,28.89
51,70.38,32.59
74,85.94,27.26
91,84.0,28.74
81,78.19,18.83
52,72.56,31.76
45,57.62,28.33
84,82.94,27.94
52,68.69,16.01
66,65.5,16.21
58,59.38,22.32
91,92.12,26.57
97,90.94,27.06
42,49.94,27.19
98,90.88,27.58
45,64.81,28.8
96,93.62,28.18
80,93.88,24.56
91,91.19,28.03
97,93.62,27.74
86,81.88,27.3
51,73.62,30.32
64,84.56,25.98
91,91.06,28.36
83,93.06,27.33
91,87.0,29.52
81,85.56,18.26
49,63.06,15.73
37,46.31,23.05
77,82.69,29.9
92,93.0,28.22
43,72.12,29.21
57,71.56,18.81
97,89.19,28.36
92,88.06,28.53
40,70.44,29.89
91,92.5,27.98
92,93.44,26.55
81,84.12,18.55
76,89.06,28.34
61,68.94,19.5
53,89.62,29.07
89,89.75,28.67
79,84.38,29.42
67,68.56,14.93
95,90.0,27.64
90,84.81,28.83
40,44.62,27.18
87,82.19,22.67
62,66.81,19.59
79,83.44,29.79
52,73.0,28.09
90,86.44,27.98
89,88.56,29.08
33,48.0,34.3
92,90.81,26.66
82,88.44,15.19
81,77.69,24.61
84,83.06,20.95
36,67.06,31.25
92,83.06,28.12
37,65.38,26.78
83,93.12,28.04
43,53.06,30.82
76,93.06,26.92
91,89.88,27.33
88,68.94,22.93
38,43.62,18.51
91,88.75,28.77
40,68.5,29.19
88,79.56,25.12
61,75.5,22.06
88,81.44,26.88
45,52.75,26.72
95,93.56,26.91
43,80.5,28.39
76,83.25,26.66
89,88.81,29.93
78,82.81,29.69
85,89.25,29.15
34,66.75,30.55
97,94.38,26.73
34,46.0,29.05
51,63.31,19.59
95,92.94,27.56
98,95.56,27.9
81,86.25,14.3
83,81.88,19.85
92,82.44,29.19
94,86.62,29.33
80,75.12,25.9
84,80.19,18.42
76,85.44,27.44
61,60.56,19.43
45,65.75,27.82
70,91.06,28.66
36,69.62,30.64
91,91.88,27.93
91,91.88,26.94
55,72.19,30.07
33,48.62,33.9
78,87.19,28.36
70,87.38,17.23
34,59.81,32.76
98,92.12,27.48
96,91.75,28.62
84,88.56,27.95
70,73.62,15.11
83,75.25,28.1
80,75.62,25.43
91,81.81,28.83
42,68.81,29.51
79,71.56,29.65
96,89.94,28.62
90,93.0,28.4
84,85.75,27.84
91,90.56,28.71
41,68.88,28.92
92,82.31,29.44
52,71.06,31.37
92,92.38,26.74
51,71.31,31.08
92,91.25,28.3
87,90.5,27.3
81,69.75,23.87
74,80.44,28.39
80,78.0,13.87
93,88.5,29.11
79,88.62,28.55
82,78.44,18.99
76,87.38,27.3
40,62.06,22.73
54,76.19,29.23
91,89.12,28.6
40,59.81,21.68
45,32.69,23.83
56,82.88,28.73
41,46.88,19.48
40,66.88,32.84
90,80.0,28.57
77,85.44,27.87
35,63.31,31.11
53,54.5,15.64
40,57.81,24.9
82,82.62,14.99
90,87.75,28.99
82,86.56,15.23
57,65.75,24.37
83,77.38,16.48
77,86.81,28.86
41,64.12,28.49
55,77.31,30.69
79,87.56,28.33
93,87.56,29.08
61,73.12,21.7
96,91.56,28.42
89,89.12,27.8
50,63.12,17.73
67,83.75,27.3
65,71.62,17.04
86,86.75,28.35
82,85.0,25.82
64,84.62,28.21
91,91.5,28.72
41,44.31,19.1
42,63.0,32.67
41,47.12,18.37
37,45.25,29.92
37,53.44,28.83
61,78.25,22.73
41,68.88,29.83
96,90.31,28.55
72,75.0,17.08
47,71.31,30.15
85,80.19,21.86
82,88.0,29.5
91,89.25,28.95
74,86.0,29.6
43,62.25,30.15
95,82.12,29.5
83,82.75,16.94
86,82.56,24.45
82,78.06,17.19
51,47.25,18.85
84,89.38,28.57
92,89.06,28.29
93,89.56,27.62
91,92.5,27.15
65,80.44,29.62
40,42.31,19.12
91,90.31,28.33
37,52.06,32.27
51,77.81,30.85
79,83.81,19.15
84,93.25,28.37
41,49.94,18.84
92,78.38,27.18
52,55.12,23.14
77,89.0,28.19
97,91.38,28.06
58,81.12,29.51
84,90.5,27.29
57,92.81,26.41
95,92.5,27.8
93,89.69,28.33
33,52.19,33.98
54,75.94,31.44
82,84.88,29.37
91,89.06,28.8
41,53.69,29.91
43,56.0,20.4
38,55.94,29.55
80,82.88,16.28
70,84.25,25.15
60,66.56,21.12
51,56.56,25.04
76,71.94,14.87
38,47.38,30.37
59,71.25,21.38
88,89.31,26.72
53,51.81,19.15
84,82.88,21.98
92,85.62,29.08
43,44.38,18.94
84,91.31,28.92
40,68.0,20.48
83,87.81,19.4
91,90.69,27.12
92,87.44,27.93
82,78.0,18.84
84,91.88,28.31
72,74.5,18.77
77,86.81,28.49
95,91.25,27.92
91,87.19,29.44
57,68.06,24.12
91,88.56,28.68
58,78.56,18.95
96,93.44,27.65
50,60.56,19.1
92,88.88,28.66
91,94.75,27.54
86,78.0,17.93
39,50.5,22.09
80,81.0,15.61
66,75.62,20.37
75,80.0,21.64
45,51.12,17.96
87,87.06,29.5
83,74.06,28.3
84,81.81,21.94
70,82.56,16.76
50,76.38,29.29
92,91.12,27.87
34,56.81,31.34
84,72.5,26.56
79,88.12,29.19
98,93.31,28.23
60,64.12,16.66
81,81.75,16.23
55,71.75,23.71
41,61.56,30.78
46,70.38,20.71
45,62.25,28.78
84,74.19,22.16
59,82.38,30.12
82,72.38,15.12
95,91.0,28.4
38,60.5,24.11
94,88.88,27.08
52,67.81,19.86
59,82.88,29.93
79,86.62,29.63
62,67.62,17.58
83,72.44,25.9
31,50.56,29.9
91,90.5,28.16
85,92.06,28.97
58,80.12,24.2
38,42.88,22.03
98,94.06,27.03
55,52.69,18.44
92,80.19,24.45
80,83.25,16.93
81,74.25,25.7
79,91.75,21.23
79,83.81,29.85
80,78.62,25.12
81,75.94,22.66
52,64.25,25.56
82,81.31,15.26
93,93.0,28.43
92,83.19,29.57
36,42.5,28.35
91,89.5,29.2
90,88.62,29.33
90,77.31,29.69
45,44.62,22.71
89,83.81,26.26
94,89.19,27.38
48,69.88,29.67
56,57.12,18.23
91,88.38,28.44
85,85.62,29.17
91,88.69,27.94
62,58.5,23.26
89,87.25,29.19
51,78.5,30.31
94,91.94,27.58
94,91.69,27.14
88,79.38,23.12
72,77.56,17.57
61,67.06,15.95
98,92.62,27.73
78,82.31,17.01
94,79.38,25.19
41,67.31,29.23
89,93.06,27.37
94,88.19,28.05
53,78.38,30.83
82,75.56,14.94
92,84.44,28.74
83,79.69,21.9
76,74.12,20.01
43,57.0,19.94
80,83.0,29.4
93,89.19,28.98
47,71.5,30.73
43,74.19,29.15
87,87.75,29.31
80,79.5,16.28
91,89.0,28.98
95,86.94,28.29
78,80.5,18.62
38,61.75,22.68
98,91.56,27.65
90,83.44,25.07
43,82.75,27.27
93,80.56,28.48
34,45.44,27.55
89,86.94,30.05
89,83.56,24.18
76,82.56,29.08
41,63.38,28.85
59,84.56,28.05
66,66.5,16.84
88,85.44,25.76
84,74.0,27.82
91,89.38,28.88
51,62.25,17.16
58,77.44,27.97
39,48.31,16.94
67,75.19,18.53
43,50.25,27.41
51,49.12,19.8
45,48.31,23.94
51,79.62,28.51
91,93.38,27.87
51,52.06,21.62
83,84.88,29.65
76,79.81,18.55
86,80.81,21.65
91,94.19,27.83
53,69.81,24.81
62,70.94,15.95
92,77.94,22.54
83,87.56,29.39
72,77.12,18.7
95,90.38,28.54
94,82.5,28.89
68,86.0,29.18
54,70.94,17.64
89,89.56,29.52
41,47.5,18.39
43,77.31,29.19
44,56.81,16.72
44,73.31,29.23
82,83.19,19.23
95,91.88,27.74
78,75.31,18.38
62,71.62,22.14
34,45.12,28.78
32,48.06,33.57
91,90.12,28.21
95,90.5,28.83
90,93.81,27.4
97,92.75,26.71
91,94.38,27.65
91,89.5,28.8
95,89.75,28.3
53,64.38,19.67
93,92.12,27.87
81,85.69,27.25
82,79.25,18.9
92,86.12,24.2
58,64.19,21.36
88,88.25,28.01
82,80.12,16.22
87,86.81,25.26
50,56.56,24.01
95,91.38,28.24
82,83.5,19.4
95,89.44,28.16
88,77.88,23.3
88,88.88,27.55
90,94.31,28.03
82,91.06,28.99
89,92.12,28.13
84,89.94,23.47
85,87.0,27.37
39,48.06,27.89
60,78.56,30.11
69,61.81,22.23
80,88.19,29.32
91,88.31,27.8
86,90.62,28.48
94,79.94,27.5
92,86.0,26.82
94,91.06,28.12
51,59.0,32.81
59,60.81,18.11
43,61.75,30.3
44,66.25,28.03
88,84.5,28.2
95,89.88,28.55
88,90.19,28.73
81,78.75,14.01
54,71.75,30.24
38,45.56,21.56
91,88.62,28.64
80,73.81,12.06
91,76.56,29.62
48,43.19,21.94
77,87.62,28.73
96,88.88,28.74
55,57.81,18.5
85,84.69,23.1
49,69.06,30.39
72,90.81,24.65
51,73.62,31.26
91,88.5,28.69
57,87.12,27.66
88,85.94,25.23
52,67.0,19.88
95,89.31,25.86
63,43.69,20.76
65,62.25,21.42
91,91.38,29.05
95,89.75,27.93
93,90.06,28.18
80,84.94,18.76
91,90.25,28.42
41,60.81,27.98
90,87.62,27.72
46,48.31,22.44
86,88.44,28.97
54,73.25,29.4
80,85.25,22.02
77,78.56,22.51
88,85.31,26.25
91,85.94,28.24
76,79.19,28.53
33,59.38,30.73
52,81.25,29.74
44,59.31,28.01
38,47.81,27.8
48,52.56,21.79
51,75.06,28.8
55,71.56,31.09
59,70.5,27.95
91,90.25,28.16
93,90.62,28.33
51,52.5,20.8
93,90.31,28.26
91,85.56,22.98
37,62.56,31.62
77,92.12,26.98
93,92.25,27.46
77,81.0,29.49
87,83.12,25.51
55,77.62,16.12
96,93.19,28.81
98,90.94,28.4
95,91.0,28.72
78,79.44,17.12
64,63.94,17.24
93,93.38,27.34
39,67.69,32.27
92,84.75,23.73
89,90.69,27.75
84,86.38,29.78
93,90.81,27.48
33,32.31,26.71
80,73.19,27.68
95,93.88,28.12
52,63.94,31.5
79,88.06,28.51
84,75.62,26.77
80,86.19,18.63
91,90.75,26.77
97,91.5,27.26
91,92.31,28.46
58,68.69,29.17
93,87.0,26.96
79,91.0,27.25
51,78.75,30.61
59,73.62,21.01
61,73.88,23.26
39,51.88,19.98
87,86.06,25.35
93,90.62,27.48
62,54.25,17.42
82,76.06,22.98
81,76.5,18.98
80,89.56,14.44
45,50.19,27.53
90,88.44,29.34
95,93.5,28.31
38,53.88,24.08
94,84.81,29.52
96,93.06,28.21
91,91.44,23.55
89,81.19,20.86
62,66.88,16.68
51,68.94,32.19
54,72.5,19.52
41,57.31,19.3
85,88.44,28.78
86,85.44,28.26
94,85.06,29.69
80,87.56,19.28
91,82.81,30.63
91,90.88,28.08
47,56.12,24.51
79,74.75,19.94
53,89.12,28.41
91,82.56,27.26
96,94.31,27.82
92,72.0,25.1
47,79.31,22.54
91,88.69,28.39
96,91.62,27.48
88,87.44,28.31
91,92.5,27.41
77,88.0,28.04
43,78.94,26.42
65,60.62,18.62
95,92.56,27.48
50,56.19,25.58
79,87.56,28.28
65,77.44,30.64
77,85.56,16.42
86,82.31,28.36
79,87.06,28.87
45,52.75,18.4
91,90.06,28.83
80,86.06,19.19
78,84.88,29.39
95,91.19,27.83
90,94.31,26.45
78,88.0,28.48
51,65.12,24.45
80,79.0,30.21
78,83.06,29.02
73,84.56,29.93
95,89.25,27.9
92,88.62,27.97
79,86.88,28.69
51,66.88,17.53
72,76.56,25.44
84,93.94,27.91
79,82.94,29.44
97,91.94,28.02
34,64.0,31.89
36,45.38,27.76
83,77.81,28.09
79,80.19,13.01
84,86.5,28.85
48,51.12,24.15
55,63.0,17.73
51,74.81,29.11
52,52.88,20.12
91,90.75,28.25
52,75.38,30.75
58,79.31,29.89
82,87.0,17.54
71,70.38,17.43
78,75.12,18.56
51,73.69,29.62
41,40.81,28.01
95,86.19,28.51
82,83.5,24.65
94,91.94,28.42
92,76.44,21.08
98,93.88,27.98
84,90.06,28.16
78,88.25,28.19
59,66.44,21.39
82,83.81,14.78
90,92.19,27.78
76,87.94,28.1
46,63.56,26.23
89,82.25,28.93
83,82.94,16.55
45,49.75,27.06
94,90.94,27.78
94,93.0,27.4
95,83.44,29.08
43,75.06,27.52
91,87.38,28.22
45,69.94,26.41
88,86.81,26.65
78,76.94,17.91
63,70.81,20.18
45,53.75,17.27
96,92.69,27.63
82,85.88,18.48
82,85.69,19.58
86,79.94,22.48
86,88.94,28.05
84,88.81,29.55
83,84.5,30.1
48,58.19,18.13
88,88.12,28.54
90,91.56,28.88
91,84.31,27.15
38,62.62,32.9
51,73.19,31.35
90,91.31,28.3
71,71.06,14.46
88,83.88,26.95
81,88.94,28.23
52,72.62,30.99
84,86.94,28.42
94,93.44,28.79
90,87.12,29.07
77,78.12,29.34
96,93.31,28.01
76,82.75,19.4
45,60.12,16.53
55,67.62,30.94
92,89.88,28.32
42,72.06,28.4
90,92.38,27.8
86,90.12,28.89
36,36.31,29.0
90,91.75,28.45
95,91.75,27.68
41,65.75,32.74
42,70.5,28.95
95,85.44,28.08
43,61.19,27.97
91,89.06,28.97
49,63.56,16.6
76,83.12,28.3
83,81.44,14.77
91,91.25,28.17
44,63.88,20.16
77,74.5,18.0
93,91.69,27.68
34,61.38,31.73
95,85.0,26.98
90,88.56,27.6
91,89.5,28.95
45,36.88,23.0
56,80.62,29.57
82,86.38,25.81
91,91.56,27.95
91,89.56,28.72
91,78.25,28.09
47,62.94,25.8
64,80.38,30.14
77,81.5,29.08
41,60.94,23.89
95,89.81,28.77
91,87.38,28.62
62,78.19,23.3
55,76.31,29.9
79,87.19,14.67
93,90.38,28.05
91,94.62,28.1
