Soil,Soil_Moisture,Humidity,Temperature,Crop Name
0.48,48,74.75,20.37,Sugercane
0.47,47,73.56,23.09,Sugercane
0.47,47,73.06,23.78,Sugercane
0.47,47,79.31,22.54,Sugercane
0.46,46,70.38,20.71,Sugercane
0.45,45,62.5,18.26,Sugercane
0.45,45,62.62,16.87,Sugercane
0.45,45,60.12,16.53,Sugercane
0.45,45,61.12,17.07,Sugercane
0.45,45,63.06,17.15,Sugercane
0.45,45,57.75,16.19,Sugercane
0.44,44,56.81,16.72,Wheat
0.44,44,59.75,18.01,Wheat
0.44,44,59.62,18.89,Wheat
0.43,43,52.81,19.02,Wheat
0.43,43,44.38,18.94,Wheat
0.44,44,63.88,20.16,Wheat
0.43,43,61.69,18.18,Wheat
0.42,42,59.88,17.4,Wheat
0.42,42,61.56,17.52,Wheat
0.42,42,57.38,17.8,Wheat
0.41,41,54.94,18.47,Wheat
0.41,41,49.94,18.84,Wheat
0.41,41,58.25,19.55,Wheat
0.41,41,57.31,19.3,Wheat
0.41,41,47.12,18.37,Wheat
0.41,41,51.62,19.58,Wheat
0.41,41,62.19,21.33,Wheat
0.4,40,59.81,21.68,Wheat
0.4,40,68,20.48,Wheat
0.4,40,49.5,17.75,Wheat
0.39,39,48.31,16.94,Wheat
0.39,39,51.44,18.08,Wheat
0.39,39,51.88,19.98,Wheat
0.39,39,47.75,20.58,Wheat
0.38,38,45.56,21.56,Wheat
0.38,38,46.88,20.46,Wheat
0.38,38,39.62,18.54,Wheat
0.38,38,42.56,18.43,Wheat
0.38,38,50.19,19.94,Wheat
0.38,38,50.38,21.94,Wheat
0.38,38,43.88,19.94,Wheat
0.38,38,38.81,20.47,Wheat
0.37,37,48.94,21.08,Wheat
0.37,37,53.44,21.62,Wheat
0.39,39,68.88,21.74,Wheat
0.38,38,61.75,22.68,Wheat
0.37,37,46.31,23.05,Wheat
0.38,38,56.62,23.62,Wheat
0.49,49,73.5,23.05,Sugercane
0.41,41,65,23.78,Wheat
0.38,38,53.88,24.08,Wheat
0.41,41,58.12,24.53,Wheat
0.38,38,65.19,25.51,Wheat
0.38,38,63.5,26.56,Wheat
0.38,38,64.06,26.54,Wheat
0.38,38,66.81,26.37,Wheat
0.37,37,65.38,26.78,Wheat
0.37,37,61.69,27.01,Wheat
0.36,36,55.75,27.91,Wheat
0.36,36,48.5,28.13,Wheat
0.35,35,49.56,26.42,Wheat
0.46,46,68.19,22.2,Sugercane
0.47,47,56.12,24.51,Sugercane
0.48,48,43.06,23.02,Sugercane
0.47,47,42.31,23.02,Sugercane
0.47,47,41.06,24.01,Sugercane
0.46,46,39,25.06,Sugercane
0.46,46,39.44,25.73,Sugercane
0.46,46,36.38,25.12,Sugercane
0.45,45,32.69,23.83,Sugercane
0.34,34,34.62,24.67,Wheat
0.34,34,45.44,27.55,Wheat
0.34,34,45.12,28.76,Wheat
0.34,34,43.56,28.8,Wheat
0.34,34,45.12,28.78,Wheat
0.34,34,46,29.05,Wheat
0.33,33,40.75,28.17,Wheat
0.33,33,32.31,26.71,Wheat
0.32,32,30.69,26.82,Wheat
0.32,32,31.38,27.4,Wheat
0.31,31,34.75,28.81,Wheat
0.31,31,50.56,29.9,Wheat
0.31,31,54.12,30.43,Wheat
0.33,33,59.06,30.09,Wheat
0.32,32,55.25,30.57,Wheat
0.32,32,58.81,30.14,Wheat
0.31,31,57.81,30.82,Wheat
0.31,31,60.19,30.74,Wheat
0.36,36,69.94,28.23,Wheat
0.38,38,62.12,29.58,Wheat
0.55,55,76.19,28.19,Potato
0.55,55,72.44,30.07,Potato
0.55,55,71.12,30.12,Potato
0.57,57,80.19,27.87,Potato
0.58,58,77.44,27.97,Potato
0.54,54,77,28.46,Potato
0.52,52,72.38,28.8,Potato
0.58,58,68.69,29.17,Potato
0.56,56,67.12,30,Potato
0.55,55,68.75,29.85,Potato
0.47,47,68.12,28.9,Sugercane
0.45,45,66.12,28.85,Sugercane
0.45,45,64.81,28.8,Sugercane
0.45,45,65.75,27.82,Sugercane
0.45,45,61,28.61,Sugercane
0.44,44,59.31,28.01,Sugercane
0.46,46,68.25,28.86,Sugercane
0.51,51,73.69,29.62,Sugercane
0.46,46,69.88,30.36,Sugercane
0.47,47,72.19,30.68,Sugercane
0.5,50,77.88,29.41,Potato
0.55,55,78.94,28.82,Potato
0.56,56,82.81,27.04,Potato
0.53,53,78.44,26.8,Potato
0.51,51,72.25,26.71,Potato
0.51,51,69.44,28.23,Potato
0.52,52,73.44,28.48,Potato
0.5,50,78.94,28.33,Potato
0.5,50,79.94,28.92,Potato
0.52,52,74.62,29.97,Potato
0.51,51,80.19,28.77,Potato
0.5,50,76.38,29.29,Potato
0.48,48,70.12,30.14,Sugercane
0.48,48,69.88,29.67,Sugercane
0.47,47,71.31,30.15,Sugercane
0.47,47,72.56,30.23,Sugercane
0.5,50,73.62,29.2,Sugercane
0.46,46,72.62,30.39,Sugercane
0.52,52,80.69,29.62,Potato
0.52,52,87.94,27.9,Potato
0.58,58,81.5,29.44,Potato
0.52,52,73.19,30.8,Potato
0.51,51,75,31.08,Potato
0.55,55,77.31,30.69,Potato
0.6,60,83.06,28.83,Potato
0.56,56,78.12,29.23,Potato
0.55,55,76.31,29.9,Potato
0.52,52,74.5,31.21,Potato
0.51,51,70.69,31.73,Potato
0.51,51,73.19,31.35,Potato
0.51,51,73.31,32.16,Potato
0.51,51,74.5,32.28,Potato
0.51,51,84.94,29.76,Potato
0.55,55,81.56,29.81,Potato
0.58,58,81.12,29.51,Potato
0.57,57,84.94,28.8,Potato
0.55,55,82.81,29.69,Potato
0.53,53,79.31,30.73,Potato
0.59,59,82.88,29.93,Potato
0.56,56,80.62,29.57,Potato
0.55,55,80.38,29.65,Potato
0.54,54,77.06,30.66,Potato
0.56,56,78.75,30.37,Potato
0.53,53,75.31,30.76,Potato
0.52,52,74.88,31.51,Potato
0.52,52,79.81,30.39,Potato
0.52,52,81.25,29.74,Potato
0.51,51,78.75,30.61,Potato
0.51,51,77.81,30.85,Potato
0.59,59,84.44,29.65,Potato
0.7,70,91.06,28.66,Banana
0.66,66,89.5,28.45,Banana
0.73,73,87.06,28.16,Banana
0.71,71,86.19,28.67,Banana
0.72,72,86.38,28.41,Banana
0.73,73,91.12,27.83,Banana
0.7,70,87.19,28.42,Banana
0.69,69,86.12,28,Banana
0.68,68,84.31,29.61,Banana
0.68,68,87.44,28.78,Banana
0.7,70,86,29.22,Banana
0.74,74,86.56,29.2,Banana
0.77,77,90.38,28.37,Mango
0.8,80,88.19,29.32,Mango
0.88,88,88.06,29.3,Maize
0.91,91,91.81,28.08,Maize
0.91,91,92.19,27.37,Maize
0.88,88,88.25,28.01,Maize
0.86,86,87.44,28.07,Maize
0.86,86,87.06,28.69,Maize
0.86,86,87.56,28.86,Maize
0.86,86,90.12,28.89,Maize
0.88,88,87.88,29.42,Maize
0.87,87,87.06,29.5,Maize
0.86,86,88.44,28.97,Maize
0.86,86,89.94,28.66,Maize
0.86,86,90.62,28.48,Maize
0.9,90,91.44,28.27,Maize
0.9,90,92.19,27.78,Maize
0.91,91,88.69,28.39,Maize
0.91,91,90.25,28.16,Maize
0.9,90,87.75,28.99,Maize
0.89,89,86.88,29.62,Maize
0.89,89,89.56,29.52,Maize
0.91,91,93.81,28.56,Maize
0.93,93,92.94,28.09,Strawberry
0.95,95,95.06,27.11,Strawberry
0.95,95,94.38,27.15,Strawberry
0.96,96,91.81,27.38,Strawberry
0.95,95,89.75,27.93,Strawberry
0.95,95,91.88,27.74,Strawberry
0.95,95,91.19,27.83,Strawberry
0.95,95,92.75,27.82,Strawberry
0.95,95,94.75,27.21,Strawberry
0.96,96,93.06,27.37,Strawberry
0.96,96,93.19,26.8,Strawberry
0.97,97,94.62,26.03,Strawberry
0.97,97,90.94,27.06,Strawberry
0.96,96,88.12,28.02,Strawberry
0.95,95,91.81,27.08,Strawberry
0.97,97,94.38,26.73,Strawberry
0.97,97,92.75,26.71,Strawberry
0.96,96,91.69,26.65,Strawberry
0.95,95,90.12,27.33,Strawberry
0.95,95,89.44,28.01,Strawberry
0.94,94,88.06,28.4,Strawberry
0.93,93,87.88,28.66,Strawberry
0.93,93,89.56,28.06,Strawberry
0.92,92,86.94,28.88,Strawberry
0.92,92,88.06,28.53,Strawberry
0.92,92,88.94,28.24,Strawberry
0.92,92,89.06,28.29,Strawberry
0.92,92,90.81,28.34,Strawberry
0.92,92,91.25,28.3,Strawberry
0.92,92,89.69,28.75,Strawberry
0.92,92,90.81,28.63,Strawberry
0.92,92,91.38,28.17,Strawberry
0.92,92,91.25,28.16,Strawberry
0.92,92,91.12,28.26,Strawberry
0.92,92,90.5,28.65,Strawberry
0.93,93,93,28.43,Strawberry
0.94,94,93.44,27.56,Strawberry
0.92,92,88.94,28.36,Strawberry
0.92,92,91.12,27.87,Strawberry
0.94,94,88.19,28.67,Strawberry
0.95,95,90.75,28.28,Strawberry
0.95,95,90.69,28.05,Strawberry
0.92,92,92.19,27.84,Strawberry
0.93,93,91.69,27.68,Strawberry
0.93,93,90.31,28.26,Strawberry
0.94,94,91.88,28.32,Strawberry
0.93,93,94,27.87,Strawberry
0.93,93,93.38,27.34,Strawberry
0.93,93,90.62,27.48,Strawberry
0.93,93,90.31,27.55,Strawberry
0.92,92,89.56,27.87,Strawberry
0.92,92,89.44,28.05,Strawberry
0.91,91,87.69,28.65,Maize
0.91,91,91.25,27.69,Maize
0.91,91,87.44,28.16,Maize
0.91,91,81.56,29.33,Maize
0.91,91,88.31,27.8,Maize
0.91,91,85.94,28.24,Maize
0.9,90,80.44,29.5,Maize
0.9,90,89.12,28.12,Maize
0.9,90,91.06,27.72,Maize
0.9,90,90.31,28.24,Maize
0.89,89,89.94,28.35,Maize
0.88,88,79.56,29.72,Maize
0.88,88,81.12,30.15,Maize
0.9,90,93.81,27.4,Maize
0.91,91,94.62,27.02,Maize
0.91,91,93.5,27.51,Maize
0.9,90,90.75,28.41,Maize
0.91,91,92.69,27.59,Maize
0.9,90,90.88,27.62,Maize
0.89,89,85.81,28.24,Maize
0.91,91,75.44,28.1,Maize
0.91,91,71.94,27.88,Maize
0.9,90,75.5,27.68,Maize
0.89,89,80.38,28.39,Maize
0.88,88,78.38,29.19,Maize
0.88,88,82.19,28.95,Maize
0.88,88,89.69,28.44,Maize
0.88,88,89.06,28.29,Maize
0.88,88,83.62,28.41,Maize
0.87,87,82.56,28.01,Maize
0.88,88,86.44,27.76,Maize
0.89,89,90.69,27.19,Maize
0.9,90,94.31,26.45,Maize
0.9,90,88.56,27.6,Maize
0.89,89,85.38,28.19,Maize
0.88,88,84.19,27.58,Maize
0.88,88,87.44,26.72,Maize
0.88,88,89.12,26.45,Maize
0.88,88,87.94,25.86,Maize
0.88,88,85.31,26.25,Maize
0.87,87,81.31,26.65,Maize
0.87,87,78.06,27.05,Maize
0.86,86,77.94,26.55,Maize
0.85,85,79.19,26.67,Pineapple
0.84,84,75.62,26.77,Pineapple
0.84,84,72.5,26.56,Pineapple
0.84,84,71.19,26.9,Pineapple
0.84,84,75.25,26.58,Pineapple
0.83,83,72.44,25.9,Pineapple
0.83,83,73.12,24.59,Pineapple
0.83,83,71.62,24.44,Pineapple
0.83,83,72.88,24.21,Pineapple
0.8,80,71.94,24.16,Jute
0.8,80,75.62,25.43,Jute
0.8,80,78.62,25.12,Jute
0.8,80,88.69,24.61,Jute
0.8,80,87.12,24.31,Jute
0.8,80,85.5,25.1,Jute
0.82,82,81.06,25.28,Jute
0.8,80,76.25,25.13,Jute
0.81,81,70.75,25.25,Jute
0.8,80,69.19,25,Jute
0.82,82,76.69,24.12,Jute
0.8,80,74.44,22.83,Jute
0.74,74,77.94,22.9,Banana
0.73,73,76.88,23.53,Banana
0.73,73,74.5,23.64,Banana
0.72,72,75.88,23.15,Banana
0.71,71,74.06,22.9,Banana
0.71,71,72.81,23.11,Banana
0.7,70,75.88,23.23,Banana
0.7,70,74.69,23.11,Banana
0.7,70,74.62,22.9,Banana
0.69,69,80.44,22.96,Banana
0.68,68,76.38,22.41,Banana
0.67,67,72.06,22.66,Banana
0.66,66,72.38,22.85,Banana
0.66,66,71.56,22.71,Banana
0.66,66,68.12,22.12,Banana
0.65,65,62.25,21.42,Banana
0.64,64,66.75,21.58,Banana
0.64,64,65.62,21.19,Banana
0.63,63,64.81,20.91,Banana
0.62,62,71.88,21.5,Banana
0.62,62,71.62,22.14,Banana
0.62,62,78.06,22.8,Banana
0.61,61,73.81,22.91,Banana
0.61,61,75.5,22.06,Banana
0.61,61,78.25,22.73,Banana
0.6,60,75.06,22.56,Potato
0.59,59,70.31,21.55,Potato
0.59,59,66.44,21.39,Potato
0.59,59,71.25,21.38,Potato
0.59,59,69.56,21.19,Potato
0.58,58,70.25,21.48,Potato
0.57,57,70.81,20.86,Potato
0.57,57,68.56,20.69,Potato
0.56,56,78.81,21.24,Potato
0.56,56,77.5,22.12,Potato
0.56,56,68.62,20.94,Potato
0.55,55,68.75,19.69,Potato
0.55,55,58.69,17.37,Potato
0.55,55,55,16.41,Potato
0.55,55,77.62,16.12,Potato
0.54,54,68.31,16.06,Potato
0.54,54,52.81,15.67,Potato
0.53,53,54.5,15.64,Potato
0.53,53,58.44,16.55,Potato
0.52,52,59.69,16.82,Potato
0.52,52,58.38,16.76,Potato
0.52,52,69.62,17.36,Potato
0.52,52,62.31,16.11,Potato
0.51,51,65,16.21,Potato
0.51,51,62.25,17.16,Potato
0.51,51,54.19,17.23,Potato
0.5,50,56.56,17.94,Sugercane
0.5,50,60.56,19.1,Sugercane
0.49,49,65.44,19.29,Sugercane
0.49,49,64,18.91,Sugercane
0.48,48,59.88,18.51,Sugercane
0.48,48,58.19,18.13,Sugercane
0.48,48,53.75,17.8,Sugercane
0.48,48,56.75,17.83,Sugercane
0.48,48,57.88,18.76,Sugercane
0.47,47,56.62,18.73,Sugercane
0.47,47,72.75,19.87,Sugercane
0.47,47,68.88,19.71,Sugercane
0.46,46,59.62,18.14,Sugercane
0.46,46,50.31,17.1,Sugercane
0.46,46,52.31,17.19,Sugercane
0.45,45,53.5,18.06,Sugercane
0.45,45,51.12,17.96,Sugercane
0.45,45,54.06,18.86,Sugercane
0.45,45,52.75,18.4,Sugercane
0.45,45,47.81,17.76,Sugercane
0.45,45,49.31,19.26,Sugercane
0.48,48,64.81,19.73,Sugercane
0.47,47,81.19,18.55,Sugercane
0.45,45,64.69,17.15,Sugercane
0.45,45,58.94,16.44,Sugercane
0.44,44,51.69,15.14,Wheat
0.44,44,48.81,15.32,Wheat
0.44,44,46.88,15.19,Wheat
0.44,44,52.12,16.42,Wheat
0.43,43,71.06,18.43,Wheat
0.43,43,66.88,19.49,Wheat
0.43,43,48,18.68,Wheat
0.42,42,61.25,20.16,Wheat
0.42,42,66.81,21.22,Wheat
0.42,42,63.81,21.66,Wheat
0.41,41,52.19,21.38,Wheat
0.41,41,52.31,20.37,Wheat
0.41,41,46.19,18.96,Wheat
0.41,41,44.31,19.1,Wheat
0.41,41,39.62,19.83,Wheat
0.41,41,64.5,20.88,Wheat
0.43,43,74.38,22.51,Wheat
0.41,41,64.75,22.78,Wheat
0.4,40,62.06,22.73,Wheat
0.44,44,72.81,24.01,Wheat
0.41,41,60.94,23.89,Wheat
0.4,40,55.69,23.78,Wheat
0.4,40,57.81,24.9,Wheat
0.39,39,44.44,24.89,Wheat
0.39,39,42.88,25.27,Wheat
0.38,38,46.94,26.08,Wheat
0.38,38,55.5,26.26,Wheat
0.38,38,60.88,26.91,Wheat
0.38,38,56.06,27.95,Wheat
0.38,38,61.38,27.75,Wheat
0.38,38,65.75,27.29,Wheat
0.43,43,61.31,25.95,Wheat
0.43,43,71.38,25.91,Wheat
0.42,42,64.81,26.3,Wheat
0.43,43,64.5,25.1,Wheat
0.41,41,50.19,26.3,Wheat
0.41,41,43.56,26.51,Wheat
0.4,40,44.38,26.77,Wheat
0.4,40,49.44,27.12,Wheat
0.39,39,51.56,27.45,Wheat
0.39,39,51.94,26.51,Wheat
0.38,38,48.81,27.25,Wheat
0.38,38,54.12,28.23,Wheat
0.42,42,49.94,27.19,Wheat
0.38,38,47.81,27.8,Wheat
0.38,38,50.5,28.71,Wheat
0.38,38,55.94,29.55,Wheat
0.38,38,52.81,29.85,Wheat
0.38,38,54.44,27.65,Wheat
0.37,37,53.44,28.83,Wheat
0.37,37,44.5,28.1,Wheat
0.36,36,45.38,27.76,Wheat
0.37,37,52,28.3,Wheat
0.36,36,42.5,28.35,Wheat
0.35,35,41,28.08,Wheat
0.41,41,67.19,28.17,Wheat
0.38,38,67.75,29.73,Wheat
0.38,38,64.88,30.35,Wheat
0.41,41,65.5,30.13,Wheat
0.37,37,61.5,30.01,Wheat
0.35,35,52.06,29.27,Wheat
0.35,35,36.31,28.91,Wheat
0.35,35,49.5,29.67,Wheat
0.35,35,63.12,30.58,Wheat
0.42,42,76.25,28.19,Wheat
0.42,42,71.94,28.96,Wheat
0.43,43,68.88,29.2,Wheat
0.44,44,83.62,26.08,Wheat
0.57,57,86.19,24.58,Potato
0.55,55,75.81,27.97,Potato
0.51,51,79.62,28.51,Potato
0.55,55,79.5,28.33,Potato
0.47,47,76.31,29.25,Sugercane
0.46,46,73.75,30.41,Sugercane
0.45,45,71.38,30.81,Sugercane
0.44,44,67,30.94,Wheat
0.43,43,65.06,31.92,Wheat
0.42,42,63,32.67,Wheat
0.41,41,66.75,32.21,Wheat
0.41,41,65.75,32.74,Wheat
0.4,40,60.5,32.46,Wheat
0.44,44,68.81,31.78,Wheat
0.42,42,72.75,31.23,Wheat
0.43,43,71.56,31.33,Wheat
0.43,43,73.5,30.69,Wheat
0.42,42,70.5,31.08,Wheat
0.41,41,64.38,32.51,Wheat
0.41,41,66.56,31.33,Wheat
0.4,40,66.94,31.85,Wheat
0.39,39,67.56,32.19,Wheat
0.39,39,67.69,32.27,Wheat
0.38,38,64.44,33.49,Wheat
0.38,38,64.88,32.9,Wheat
0.38,38,65.31,32.94,Wheat
0.38,38,65.75,32.41,Wheat
0.38,38,66.38,32.09,Wheat
0.37,37,66.38,32.46,Wheat
0.37,37,64.38,32.55,Wheat
0.38,38,62.62,32.9,Wheat
0.51,51,75.69,30.2,Potato
0.51,51,73.62,30.32,Potato
0.48,48,75.62,29.67,Sugercane
0.47,47,64.19,31.64,Sugercane
0.49,49,66,31.36,Sugercane
0.47,47,70.88,30.28,Sugercane
0.5,50,70.38,30.45,Sugercane
0.49,49,71.12,30.58,Sugercane
0.45,45,68.69,30.56,Sugercane
0.46,46,60.56,32.51,Sugercane
0.49,49,60.69,32.81,Sugercane
0.65,65,80.44,29.62,Banana
0.64,64,80.38,30.14,Banana
0.65,65,83.06,29.8,Banana
0.65,65,76.88,30.58,Banana
0.65,65,77.44,30.64,Banana
0.65,65,80.75,30.33,Banana
0.68,68,87.31,27.75,Banana
0.75,75,91.38,27.05,Banana
0.92,92,94.56,26.16,Strawberry
0.81,81,80.56,28.8,Jute
0.82,82,86.56,29.34,Jute
0.82,82,81.88,30.19,Jute
0.8,80,79,30.21,Jute
0.81,81,83.44,29.65,Jute
0.8,80,83,29.4,Jute
0.82,82,86.44,29.02,Jute
0.81,81,84.12,29.51,Jute
0.8,80,82.25,29.84,Jute
0.8,80,86.69,29.29,Jute
0.82,82,84.88,29.37,Jute
0.8,80,83.88,29.67,Jute
0.82,82,82.94,29.93,Jute
0.8,80,84.94,29.78,Jute
0.81,81,88.25,29.22,Jute
0.82,82,87.94,28.51,Jute
0.85,85,93.31,27.93,Pineapple
0.85,85,91.88,28.01,Pineapple
0.84,84,92.94,27.5,Pineapple
0.83,83,86.06,28.79,Pineapple
0.84,84,88.81,29.55,Pineapple
0.84,84,92.81,28.57,Pineapple
0.84,84,93.94,27.91,Pineapple
0.84,84,89.75,28.65,Pineapple
0.84,84,91.88,28.31,Pineapple
0.84,84,88.69,28.59,Pineapple
0.85,85,88.56,28.38,Pineapple
0.84,84,90.06,28.16,Pineapple
0.84,84,89.94,28.15,Pineapple
0.84,84,86.88,28.94,Pineapple
0.83,83,87.38,29.01,Pineapple
0.84,84,88.81,28.27,Pineapple
0.83,83,87.31,28.76,Pineapple
0.83,83,87.88,28.95,Pineapple
0.83,83,84.88,29.65,Pineapple
0.82,82,86.44,29.64,Pineapple
0.83,83,87.56,29.39,Pineapple
0.84,84,87.81,29.62,Pineapple
0.83,83,87,29.94,Pineapple
0.83,83,88.81,29.12,Pineapple
0.81,81,89.69,29.05,Pineapple
0.84,84,93.25,28.37,Maize
0.91,91,91.38,28.37,Maize
0.91,91,92.56,27.99,Maize
0.91,91,92.31,28.08,Maize
0.9,90,89.56,28.87,Maize
0.9,90,89.19,29.05,Maize
0.91,91,89.5,28.87,Maize
0.91,91,91.12,28.29,Maize
0.91,91,89.06,28.52,Maize
0.9,90,89.12,28.6,Maize
0.9,90,89.81,28.62,Maize
0.91,91,89.31,28.99,Maize
0.91,91,89.5,28.95,Maize
0.91,91,91.56,28.27,Maize
0.93,93,93.19,27.51,Strawberry
0.94,94,90.56,27.98,Strawberry
0.94,94,90.88,27.87,Strawberry
0.95,95,91.12,28.19,Strawberry
0.94,94,90.75,28.51,Strawberry
0.93,93,89.94,28.49,Strawberry
0.93,93,92.19,27.43,Strawberry
0.94,94,90.94,27.78,Strawberry
0.94,94,92.31,27.32,Strawberry
0.94,94,94.19,27.01,Strawberry
0.94,94,89.44,27.48,Strawberry
0.92,92,84.44,28.74,Strawberry
0.92,92,87.88,28.26,Strawberry
0.92,92,86.94,28.51,Strawberry
0.92,92,88.62,27.97,Strawberry
0.93,93,89.56,27.62,Strawberry
0.95,95,89.25,27.9,Strawberry
0.94,94,91.12,27.65,Strawberry
0.94,94,90.38,28.49,Strawberry
0.93,93,90.62,28.33,Strawberry
0.92,92,91.62,27.89,Strawberry
0.93,93,93.44,27.55,Strawberry
0.93,93,92.12,27.87,Strawberry
0.92,92,89.88,28.32,Strawberry
0.93,93,92.25,27.46,Strawberry
0.94,94,94.88,26.84,Strawberry
0.94,94,91.06,28.12,Strawberry
0.93,93,89.5,28.67,Strawberry
0.93,93,89.19,28.98,Strawberry
0.93,93,89.88,28.4,Strawberry
0.93,93,88.44,29.06,Strawberry
0.93,93,88.94,28.82,Strawberry
0.94,94,93,27.4,Strawberry
0.93,93,90.75,28.04,Strawberry
0.92,92,87.69,28.86,Strawberry
0.94,94,85.06,29.69,Strawberry
0.96,96,94.25,27.37,Strawberry
0.95,95,87.88,27.73,Strawberry
0.94,94,82.5,28.89,Strawberry
0.93,93,88.94,28.4,Strawberry
0.93,93,83.94,29.4,Strawberry
0.93,93,89.44,28.25,Strawberry
0.93,93,86.44,29.15,Strawberry
0.95,95,92.81,27.82,Strawberry
0.95,95,83.44,29.08,Strawberry
0.95,95,90.19,28.56,Strawberry
0.95,95,91.75,27.99,Strawberry
0.95,95,93.19,27.64,Strawberry
0.95,95,91.38,28.24,Strawberry
0.95,95,90.38,28.54,Strawberry
0.95,95,91.25,28.26,Strawberry
0.95,95,91.5,28.23,Strawberry
0.95,95,92.56,27.48,Strawberry
0.93,93,89.06,28.27,Strawberry
0.92,92,90.25,27.96,Strawberry
0.92,92,88.94,28.38,Strawberry
0.94,94,87.62,28.54,Strawberry
0.94,94,89.5,28.08,Strawberry
0.92,92,88.31,27.94,Strawberry
0.92,92,92.38,26.74,Strawberry
0.92,92,87.69,28.08,Strawberry
0.91,91,86.81,28.58,Maize
0.91,91,85.81,28.94,Maize
0.91,91,87.75,28.53,Maize
0.91,91,87.38,28.62,Maize
0.91,91,87.62,28.42,Maize
0.91,91,88.69,27.94,Maize
0.91,91,86.12,28.15,Maize
0.9,90,87.62,27.72,Maize
0.9,90,87.88,28.05,Maize
0.91,91,91.25,27.76,Maize
0.9,90,89.69,27.84,Maize
0.9,90,87.06,28.12,Maize
0.91,91,83.12,28.84,Maize
0.91,91,86.81,28.57,Maize
0.91,91,88.62,28.64,Maize
0.91,91,86.88,28.54,Maize
0.91,91,84,28.74,Maize
0.91,91,86.62,28.12,Maize
0.91,91,81.81,28.83,Maize
0.91,91,84.12,28.77,Maize
0.93,93,87.31,28.21,Strawberry
0.94,94,88.75,27.87,Strawberry
0.94,94,88.56,27.78,Strawberry
0.94,94,92.69,27.17,Strawberry
0.94,94,91.69,27.14,Strawberry
0.94,94,93.56,26.93,Strawberry
0.94,94,94.62,26.88,Strawberry
0.95,95,92.56,27.15,Strawberry
0.94,94,79.94,27.5,Strawberry
0.93,93,81.5,26.94,Strawberry
0.92,92,84.12,25.98,Strawberry
0.91,91,85.56,26.31,Maize
0.91,91,87,26.82,Maize
0.9,90,85.25,27.07,Maize
0.9,90,86.25,26.83,Maize
0.89,89,83.81,26.26,Maize
0.88,88,81.12,25.44,Maize
0.88,88,80.06,25.12,Maize
0.88,88,82.81,24.72,Maize
0.87,87,86.81,25.26,Maize
0.86,86,84.12,26.3,Maize
0.86,86,82.69,26.58,Maize
0.88,88,82.81,27.42,Maize
0.87,87,81.62,27.32,Maize
0.88,88,83.88,26.95,Maize
0.88,88,85.94,27.07,Maize
0.87,87,81.12,27.08,Maize
0.86,86,81.88,27.3,Maize
0.86,86,81.31,27.52,Maize
0.86,86,84.06,26.67,Maize
0.87,87,84.25,26.12,Maize
0.91,91,91.44,23.55,Maize
0.91,91,91.94,23.98,Maize
0.91,91,89.56,24.12,Maize
0.91,91,84.25,23.49,Maize
0.91,91,80.69,23.01,Maize
0.91,91,81.75,22.98,Maize
0.91,91,79,22.24,Maize
0.91,91,75.81,22.66,Maize
0.9,90,79,22.7,Maize
0.89,89,84.69,22.41,Maize
0.89,89,81.19,20.86,Maize
0.88,88,83.56,20.77,Maize
0.88,88,82.81,20.42,Maize
0.88,88,84.75,20.52,Maize
0.88,88,83.44,20.79,Maize
0.87,87,79.31,20.66,Maize
0.87,87,78,20.55,Maize
0.86,86,80.31,20.76,Maize
0.86,86,78.38,21.12,Maize
0.85,85,75.81,21.01,Pineapple
0.85,85,75,20.81,Pineapple
0.84,84,75.44,21.7,Pineapple
0.84,84,74.19,22.16,Pineapple
0.84,84,77.44,22.01,Pineapple
0.84,84,82.56,22.06,Pineapple
0.84,84,78.81,21.94,Pineapple
0.83,83,76.69,21.95,Pineapple
0.83,83,77,22.02,Pineapple
0.83,83,86.06,21.26,Pineapple
0.83,83,85.94,21.07,Pineapple
0.81,81,85.31,20.58,Jute
0.81,81,82.31,20.87,Jute
0.8,80,79.5,20.65,Jute
0.8,80,79.81,20.06,Jute
0.8,80,84.56,20.01,Jute
0.8,80,84,19.3,Jute
0.79,79,83.81,19.15,Mango
0.79,79,82.88,18.93,Mango
0.78,78,79.44,17.12,Mango
0.78,78,82.31,17.01,Mango
0.77,77,83.62,17.67,Mango
0.77,77,83.75,18.16,Mango
0.77,77,84.69,19.05,Mango
0.77,77,81.12,19.15,Mango
0.78,78,83.44,18.98,Mango
0.78,78,80.5,18.62,Mango
0.76,76,72.44,16.79,Mango
0.78,78,76.94,17.91,Mango
0.76,76,76.31,18.76,Mango
0.77,77,74.88,19.51,Mango
0.76,76,74.12,20.01,Mango
0.77,77,77.25,20.19,Mango
0.76,76,82.75,19.4,Mango
0.76,76,82.62,18.37,Mango
0.76,76,79.81,18.55,Mango
0.76,76,81.75,18.57,Mango
0.72,72,77.12,18.7,Banana
0.72,72,74.5,18.77,Banana
0.71,71,73,18.55,Banana
0.7,70,80.38,18.71,Banana
0.7,70,81.75,18.85,Banana
0.7,70,77.12,17.86,Banana
0.69,69,73.56,16.94,Banana
0.68,68,72.44,16.83,Banana
0.68,68,70.81,16.96,Banana
0.67,67,70.12,17.55,Banana
0.66,66,74.88,18.17,Banana
0.66,66,80,17.73,Banana
0.66,66,73.75,16.65,Banana
0.65,65,65.56,14.96,Banana
0.66,66,62.75,13.37,Banana
0.65,65,70,13.91,Banana
0.64,64,68.81,14.82,Banana
0.64,64,60.94,15.15,Banana
0.63,63,66.19,16.19,Banana
0.62,62,72,16.95,Banana
0.62,62,66.88,16.68,Banana
0.62,62,64.94,16.57,Banana
0.61,61,67.75,16.77,Banana
0.6,60,64.12,16.66,Banana
0.6,60,61.69,17.34,Banana
0.59,59,60.81,18.11,Potato
0.59,59,57.44,18.84,Potato
0.59,59,65.19,20.02,Potato
0.58,58,69.5,20.05,Potato
0.57,57,71.56,18.81,Potato
0.56,56,65.12,18.37,Potato
0.56,56,57.12,18.23,Potato
0.55,55,57.81,18.5,Potato
0.55,55,64.88,18.09,Potato
0.55,55,61.12,17.77,Potato
0.54,54,62.5,18.89,Potato
0.53,53,57.62,19.92,Potato
0.52,52,67.06,20.67,Potato
0.52,52,57.81,20.6,Potato
0.52,52,52.88,20.12,Potato
0.51,51,46.31,19.44,Potato
0.51,51,49.12,19.8,Potato
0.51,51,52.5,20.8,Potato
0.49,49,55.38,21.22,Sugercane
0.49,49,55.38,21.21,Sugercane
0.48,48,56.19,22.23,Sugercane
0.48,48,57.06,22.15,Sugercane
0.48,48,52.56,21.79,Sugercane
0.47,47,47.62,21.67,Sugercane
0.46,46,48.31,22.44,Sugercane
0.46,46,58.06,22.8,Sugercane
0.46,46,70.69,24.31,Sugercane
0.45,45,77.94,25.19,Sugercane
0.45,45,74.56,25.87,Sugercane
0.49,49,76.62,25.08,Sugercane
0.45,45,44.62,22.71,Sugercane
0.45,45,35.62,20.87,Sugercane
0.45,45,34,21.12,Sugercane
0.48,48,43.19,21.94,Sugercane
0.47,47,36.5,22.55,Sugercane
0.45,45,36.88,23,Sugercane
0.45,45,53.69,24.22,Sugercane
0.47,47,62.94,25.8,Sugercane
0.45,45,66.25,25.73,Sugercane
0.49,49,71.12,25.98,Sugercane
0.53,53,80.88,24.8,Potato
0.53,53,69.81,24.81,Potato
0.57,57,65.75,24.37,Potato
0.58,58,80.12,24.2,Potato
0.59,59,79.94,25.32,Potato
0.72,72,90.81,24.65,Banana
0.72,72,74,23.62,Banana
0.67,67,56.31,21.69,Banana
0.65,65,42.94,20.9,Banana
0.63,63,43.69,20.76,Banana
0.62,62,42.94,21.08,Banana
0.62,62,55.38,21.67,Banana
0.64,64,82.25,23.44,Banana
0.63,63,71.12,24.12,Banana
0.65,65,75.31,22.32,Banana
0.62,62,65.94,23.06,Banana
0.61,61,69.44,23.94,Banana
0.67,67,74.25,25.54,Banana
0.64,64,77.88,26.24,Banana
0.64,64,84.56,25.98,Banana
0.61,61,81,26.54,Banana
0.61,61,79.81,27.44,Banana
0.61,61,82.06,27.28,Banana
0.61,61,83.94,27.04,Banana
0.67,67,82.25,27.66,Banana
0.69,69,82.81,27.82,Banana
0.64,64,81.88,27.57,Banana
0.69,69,81.12,27.6,Banana
0.67,67,83.75,27.3,Banana
0.62,62,84.06,27.34,Banana
0.69,69,86.31,26.76,Banana
0.74,74,85.94,27.26,Banana
0.7,70,85,27.98,Banana
0.66,66,84.44,28.23,Banana
0.64,64,79.81,28.68,Banana
0.62,62,76.12,28.39,Banana
0.62,62,72.5,28.18,Banana
0.6,60,71,27.71,Banana
0.59,59,70.5,27.95,Potato
0.58,58,70.81,27.49,Potato
0.57,57,79.88,27.19,Potato
0.57,57,81,27.32,Potato
0.59,59,70.06,27.63,Potato
0.57,57,78.31,28.48,Potato
0.57,57,87.12,27.66,Potato
0.57,57,88.69,27.28,Potato
0.57,57,92.81,26.41,Potato
0.91,91,91.75,26.46,Maize
0.91,91,90,27.19,Maize
0.91,91,89.88,27.33,Maize
0.9,90,90,27.9,Maize
0.89,89,90.69,27.78,Maize
0.88,88,90.56,27.18,Maize
0.88,88,89.94,26.69,Maize
0.88,88,88.88,27.55,Maize
0.87,87,90.5,27.3,Maize
0.88,88,91.12,26.62,Maize
0.91,91,82.56,27.26,Maize
0.89,89,81.31,27.76,Maize
0.88,88,83.69,28.08,Maize
0.88,88,86.25,27.98,Maize
0.87,87,87.81,28.03,Maize
0.86,86,88.94,27.58,Maize
0.86,86,87.25,27.76,Maize
0.86,86,88.12,27,Maize
0.88,88,81.44,26.88,Maize
0.86,86,82.31,28.36,Maize
0.86,86,76.31,29.37,Maize
0.86,86,81.81,29.16,Maize
0.86,86,85.56,29.11,Maize
0.88,88,90.19,28.73,Maize
0.9,90,88.75,28.57,Maize
0.9,90,85.12,29.21,Maize
0.89,89,87.25,29.19,Maize
0.91,91,90.88,29.05,Maize
0.89,89,88.56,29.08,Maize
0.88,88,89.94,28.98,Maize
0.88,88,88.25,28.99,Maize
0.88,88,87.19,29.44,Maize
0.87,87,87.62,29.37,Maize
0.87,87,87.75,29.31,Maize
0.86,86,80.44,29.87,Maize
0.86,86,81.75,29.62,Maize
0.86,86,79.81,29.61,Maize
0.86,86,81.81,28.66,Maize
0.89,89,93.81,27.12,Maize
0.9,90,92.12,28.08,Maize
0.94,94,94.31,28.35,Strawberry
0.93,93,92.31,28.43,Strawberry
0.94,94,92.31,28.8,Strawberry
0.94,94,93.44,28.79,Strawberry
0.94,94,94,28.38,Strawberry
0.95,95,89.56,28.96,Strawberry
0.94,94,84.69,29.4,Strawberry
0.93,93,85.94,29.42,Strawberry
0.93,93,90.25,28.62,Strawberry
0.93,93,90.06,28.18,Strawberry
0.95,95,93.19,28.01,Strawberry
0.97,97,93.62,27.74,Strawberry
0.97,97,94.81,28.26,Strawberry
0.97,97,92.31,28.15,Strawberry
0.97,97,92.31,27.49,Strawberry
0.97,97,91.38,27.87,Strawberry
0.97,97,91.44,28.21,Strawberry
0.97,97,94,28.3,Strawberry
0.98,98,95.56,27.9,Strawberry
0.98,98,93.12,27.51,Strawberry
0.98,98,91.56,27.65,Strawberry
0.98,98,91.19,28.22,Strawberry
0.97,97,89.19,28.36,Strawberry
0.96,96,89.94,28.62,Strawberry
0.95,95,90.19,28.37,Strawberry
0.95,95,90.81,28.58,Strawberry
0.94,94,92.75,27.87,Strawberry
0.94,94,92.62,28.33,Strawberry
0.93,93,92.5,28.34,Strawberry
0.93,93,93.38,28.18,Strawberry
0.95,95,93.88,28.12,Strawberry
0.95,95,90.5,28.83,Strawberry
0.96,96,93.06,28.21,Strawberry
0.97,97,94.12,27.9,Strawberry
0.96,96,91.56,28.42,Strawberry
0.95,95,89.5,28.8,Strawberry
0.95,95,88.38,28.9,Strawberry
0.94,94,92.12,27.98,Strawberry
0.94,94,90.88,28.24,Strawberry
0.94,94,92.12,28.04,Strawberry
0.95,95,93.75,27.73,Strawberry
0.95,95,91.75,27.57,Strawberry
0.95,95,93.12,27.25,Strawberry
0.95,95,92.12,27.61,Strawberry
0.95,95,89.12,28.36,Strawberry
0.94,94,91.94,27.58,Strawberry
0.94,94,85.56,28.99,Strawberry
0.94,94,91.44,28.35,Strawberry
0.95,95,93.81,27.52,Strawberry
0.98,98,94.44,27.41,Strawberry
0.98,98,92.62,28.27,Strawberry
0.98,98,91.44,28.13,Strawberry
0.98,98,92.62,27.73,Strawberry
0.98,98,94.06,27.03,Strawberry
0.98,98,94.12,26.84,Strawberry
0.98,98,90.88,27.58,Strawberry
0.98,98,89.75,27.98,Strawberry
0.98,98,88.62,28.73,Strawberry
0.97,97,91.94,28.02,Strawberry
0.96,96,89,28.51,Strawberry
0.95,95,87.56,29.21,Strawberry
0.95,95,90.75,28.49,Strawberry
0.95,95,89.81,28.77,Strawberry
0.96,96,88.88,29.45,Strawberry
0.97,97,88.5,28.98,Strawberry
0.96,96,91.06,28.73,Strawberry
0.96,96,88.88,28.74,Strawberry
0.96,96,90.31,28.55,Strawberry
0.97,97,91.25,28.55,Strawberry
0.96,96,91.25,28.4,Strawberry
0.96,96,92.44,28.25,Strawberry
0.98,98,93.88,27.98,Strawberry
0.99,99,95.19,27.8,Strawberry
0.98,98,92.12,27.48,Strawberry
0.98,98,90.62,28.27,Strawberry
0.98,98,90.94,28.41,Strawberry
0.99,99,92.44,28.1,Strawberry
0.98,98,90.44,28.29,Strawberry
0.97,97,91.38,28.06,Strawberry
0.96,96,90,28.22,Strawberry
0.95,95,89.19,28.36,Strawberry
0.94,94,83.12,29.35,Strawberry
0.95,95,86.69,28.52,Strawberry
0.96,96,84.62,29.51,Strawberry
0.96,96,90.75,28.21,Strawberry
0.95,95,89.88,28.55,Strawberry
0.96,96,93.44,27.85,Strawberry
0.96,96,90.5,28.09,Strawberry
0.96,96,91.62,27.52,Strawberry
0.95,95,92.5,27.8,Strawberry
0.95,95,89.44,28.16,Strawberry
0.96,96,91.06,27.91,Strawberry
0.97,97,95.19,27.45,Strawberry
0.96,96,91.56,27.94,Strawberry
0.96,96,91.44,27.99,Strawberry
0.95,95,91.25,27.87,Strawberry
0.95,95,89.44,28.12,Strawberry
0.95,95,88.12,28.31,Strawberry
0.95,95,91.75,27.68,Strawberry
0.95,95,90.12,27.99,Strawberry
0.95,95,90,27.64,Strawberry
0.97,97,93.81,27.18,Strawberry
0.97,97,91,27.8,Strawberry
0.97,97,89.88,27.94,Strawberry
0.97,97,90.69,27.97,Strawberry
0.96,96,88.5,28.31,Strawberry
0.95,95,82.56,29.15,Strawberry
0.95,95,81.19,29.51,Strawberry
0.95,95,91.31,28.8,Strawberry
0.95,95,93,27.83,Strawberry
0.96,96,93.19,27.67,Strawberry
0.96,96,92.81,27.96,Strawberry
0.96,96,92.06,28.19,Strawberry
0.95,95,89.75,28.3,Strawberry
0.95,95,87.75,28.9,Strawberry
0.95,95,82.12,29.5,Strawberry
0.94,94,85,29.34,Strawberry
0.94,94,86.12,29.15,Strawberry
0.94,94,85,28.06,Strawberry
0.95,95,90.5,27.57,Strawberry
0.96,96,93.62,27.09,Strawberry
0.98,98,94,27.41,Strawberry
0.97,97,87.56,27.61,Strawberry
0.97,97,91.5,27.26,Strawberry
0.97,97,84.19,27.92,Strawberry
0.96,96,84.06,28.22,Strawberry
0.95,95,86.94,28.29,Strawberry
0.95,95,86.19,28.51,Strawberry
0.95,95,93.56,26.91,Strawberry
0.95,95,93.38,26.4,Strawberry
0.96,96,93.75,26.44,Strawberry
0.95,95,87,27.71,Strawberry
0.95,95,85.44,28.08,Strawberry
0.94,94,88.19,28.05,Strawberry
0.93,93,89.12,27.96,Strawberry
0.92,92,88.5,27.98,Strawberry
0.93,93,82.38,28.27,Strawberry
0.92,92,78.38,27.18,Strawberry
0.91,91,81.62,27.37,Maize
0.91,91,90.06,27.37,Maize
0.91,91,92.12,26.57,Maize
0.91,91,95.44,26.19,Maize
0.9,90,94.75,25.95,Maize
0.91,91,87.31,25.34,Maize
0.87,87,84.12,25.28,Maize
0.87,87,86.06,25.35,Maize
0.87,87,81.44,25.74,Maize
0.88,88,79.5,24.01,Maize
0.91,91,74.75,22.87,Maize
0.91,91,76.31,23.22,Maize
0.88,88,72.62,23.49,Maize
0.88,88,82.62,23.25,Maize
0.88,88,85.5,23.15,Maize
0.88,88,83.31,23,Maize
0.87,87,80.69,23.1,Maize
0.87,87,83.19,23.37,Maize
0.9,90,80.31,24.83,Maize
0.9,90,83.44,25.07,Maize
0.89,89,83.56,24.18,Maize
0.89,89,81.44,23.8,Maize
0.88,88,77.88,23.3,Maize
0.88,88,68.94,22.93,Maize
0.88,88,76.5,22.32,Maize
0.87,87,78.81,22.62,Maize
0.87,87,82.19,22.67,Maize
0.87,87,83.5,22.91,Maize
0.86,86,83.88,22.8,Maize
0.87,87,92.44,22.89,Maize
0.87,87,92.5,22.58,Maize
0.86,86,87.38,24.13,Maize
0.87,87,85.94,24.76,Maize
0.86,86,87,24.51,Maize
0.85,85,84.69,23.1,Pineapple
0.85,85,85.56,22,Pineapple
0.84,84,78.5,19.68,Pineapple
0.84,84,76.81,18.8,Pineapple
0.84,84,83.06,18.67,Pineapple
0.84,84,75.56,18.3,Pineapple
0.84,84,80.19,18.42,Pineapple
0.83,83,80.38,18.98,Pineapple
0.83,83,71.69,18.4,Pineapple
0.83,83,77.12,18.15,Pineapple
0.82,82,81.88,18.58,Jute
0.82,82,79.25,18.9,Jute
0.81,81,76.5,18.98,Jute
0.81,81,75.38,18.55,Jute
0.8,80,76.56,18.53,Jute
0.8,80,73,18.88,Jute
0.8,80,74.62,18.94,Jute
0.8,80,73.81,19.82,Jute
0.8,80,87.56,19.28,Jute
0.79,79,91.75,21.23,Jute
0.79,79,92.88,23.01,Jute
0.8,80,93.31,23.01,Jute
0.8,80,85.25,22.02,Jute
0.8,80,81.12,21.19,Jute
0.8,80,80.38,20.12,Jute
0.8,80,79.69,18.75,Jute
0.79,79,79.12,18.01,Jute
0.82,82,84.62,17.89,Jute
0.82,82,86.69,18.43,Jute
0.82,82,84.88,18.6,Jute
0.82,82,83.5,19.4,Jute
0.82,82,85.69,19.58,Jute
0.82,82,78.44,18.99,Jute
0.82,82,82.12,18.81,Jute
0.82,82,85.88,18.48,Jute
0.82,82,85.88,18.8,Jute
0.82,82,87.88,19.4,Jute
0.82,82,86.12,18.11,Jute
0.82,82,87.19,18.35,Jute
0.81,81,87.19,18.78,Jute
0.81,81,81.12,18.7,Jute
0.82,82,80.94,18.53,Jute
0.82,82,80.12,19.05,Jute
0.82,82,88,18.26,Jute
0.81,81,83.06,16.4,Jute
0.81,81,78.75,14.01,Jute
0.81,81,84.06,14.48,Jute
0.8,80,78,13.87,Jute
0.8,80,73.06,12.42,Jute
0.8,80,70.56,11.84,Jute
0.8,80,73.81,12.06,Jute
0.8,80,74.5,12.3,Jute
0.79,79,78.94,11.98,Mango
0.79,79,80.19,13.01,Mango
0.79,79,80,14.23,Mango
0.79,79,87.19,14.67,Mango
0.78,78,82.44,14.56,Mango
0.78,78,78.69,14.76,Mango
0.77,77,77.69,15.51,Mango
0.77,77,77.69,16.04,Mango
0.77,77,75.56,15.45,Mango
0.77,77,65.75,14.64,Mango
0.76,76,71.94,14.87,Mango
0.76,76,73.69,15.27,Mango
0.76,76,69.5,15.65,Mango
0.76,76,65.06,15.56,Mango
0.77,77,71.62,16.72,Mango
0.77,77,70.38,16.06,Mango
0.77,77,70,14.93,Mango
0.77,77,65.75,13.83,Mango
0.76,76,61.62,14,Mango
0.76,76,61.06,14.6,Mango
0.72,72,71.25,15.55,Banana
0.72,72,75,17.08,Banana
0.71,71,70.38,17.43,Banana
0.7,70,74.19,17.96,Banana
0.7,70,78.12,18.86,Banana
0.7,70,81.94,19.68,Banana
0.69,69,77.12,19.65,Banana
0.68,68,70.38,19.23,Banana
0.67,67,71.44,19.91,Banana
0.66,66,72,19.76,Banana
0.66,66,75.62,20.37,Banana
0.66,66,61.38,19.03,Banana
0.65,65,60.62,18.62,Banana
0.64,64,68,19.81,Banana
0.63,63,70.81,20.18,Banana
0.62,62,66.81,19.59,Banana
0.62,62,61.88,18.32,Banana
0.61,61,54.75,18.72,Banana
0.6,60,54.31,19.72,Banana
0.6,60,57.62,20.44,Banana
0.59,59,61.62,21.48,Potato
0.59,59,61.25,22.11,Potato
0.58,58,59.38,22.32,Potato
0.57,57,63,23.05,Potato
0.56,56,70.62,23.82,Potato
0.55,55,71.19,23.98,Potato
0.55,55,71.75,23.71,Potato
0.57,57,70.12,23.94,Potato
0.57,57,68.06,24.12,Potato
0.55,55,60.81,24.16,Potato
0.55,55,61.5,24.1,Potato
0.53,53,66.81,24.79,Potato
0.52,52,75.25,26.21,Potato
0.52,52,70.12,26.02,Potato
0.51,51,55.62,25.75,Potato
0.5,50,48.56,24.63,Sugercane
0.49,49,47.25,23.23,Sugercane
0.48,48,49.44,23.71,Sugercane
0.48,48,43.81,23.87,Sugercane
0.48,48,52.38,24.42,Sugercane
0.47,47,62.81,25.73,Sugercane
0.46,46,63.56,26.23,Sugercane
0.45,45,69.94,26.41,Sugercane
0.45,45,68.56,27.07,Sugercane
0.45,45,71.31,26.72,Sugercane
0.44,44,66.25,28.03,Wheat
0.44,44,59.5,27.82,Wheat
0.43,43,61.19,27.97,Wheat
0.42,42,45.31,27.24,Wheat
0.42,42,51.75,27.3,Wheat
0.41,41,60.81,27.98,Wheat
0.41,41,62.06,28.19,Wheat
0.41,41,68.88,28.92,Wheat
0.41,41,60.81,30.09,Wheat
0.41,41,61,30.05,Wheat
0.44,44,67.12,29.27,Wheat
0.42,42,68.81,29.51,Wheat
0.41,41,67.31,29.23,Wheat
0.4,40,68.5,29.19,Wheat
0.4,40,80.31,25.47,Wheat
0.4,40,65.81,25.55,Wheat
0.43,43,68.31,25.73,Wheat
0.43,43,61.12,27.86,Wheat
0.43,43,58.19,29.14,Wheat
0.43,43,64.25,27.94,Wheat
0.43,43,74.62,27.71,Wheat
0.43,43,77.38,26.98,Wheat
0.43,43,78.94,26.42,Wheat
0.43,43,75.06,27.52,Wheat
0.42,42,72.06,28.4,Wheat
0.42,42,73.62,28.5,Wheat
0.42,42,70.5,28.95,Wheat
0.43,43,71.31,28.65,Wheat
0.43,43,74.19,29.15,Wheat
0.54,54,73.25,29.4,Potato
0.54,54,67.31,30.04,Potato
0.55,55,72.69,28.89,Potato
0.59,59,78.31,28.47,Potato
0.64,64,84.62,28.21,Banana
0.63,63,83.25,28.48,Banana
0.69,69,85.44,28.37,Banana
0.71,71,86.25,28.25,Banana
0.73,73,82.62,28.44,Banana
0.73,73,76.5,28.93,Banana
0.67,67,82.06,27.95,Banana
0.73,73,82.62,27.41,Banana
0.75,75,83.62,26.05,Banana
0.75,75,78.56,27.21,Banana
0.8,80,84.88,26.86,Jute
0.8,80,89.88,26.4,Jute
0.81,81,84.5,27.19,Jute
0.81,81,85.69,27.25,Jute
0.81,81,86.06,27.2,Jute
0.82,82,85.88,27.37,Jute
0.82,82,88.38,27.66,Jute
0.82,82,87.56,28.21,Jute
0.81,81,88.94,28.23,Jute
0.81,81,87.19,28.76,Jute
0.81,81,88.81,28.55,Jute
0.85,85,88.75,28.14,Pineapple
0.85,85,87.5,27.92,Pineapple
0.84,84,85.75,27.84,Pineapple
0.84,84,86.06,27.65,Pineapple
0.85,85,87,27.37,Pineapple
0.86,86,86.19,27.4,Maize
0.88,88,89.31,26.72,Maize
0.88,88,86.06,27.47,Maize
0.91,91,87.25,28.12,Maize
0.91,91,87.38,28.22,Maize
0.91,91,86.38,28.6,Maize
0.91,91,88.38,28.44,Maize
0.9,90,87.69,28.44,Maize
0.93,93,91.06,27.83,Strawberry
0.92,92,92.56,27.51,Strawberry
0.92,92,92.44,27.89,Strawberry
0.93,93,92.12,28.11,Strawberry
0.93,93,91.12,28.15,Strawberry
0.92,92,88.88,28.55,Strawberry
0.92,92,81.19,28.98,Strawberry
0.93,93,82.62,29.33,Strawberry
0.94,94,91.94,28.42,Strawberry
0.93,93,90.81,27.48,Strawberry
0.94,94,89.38,27.75,Strawberry
0.94,94,88.5,28.65,Strawberry
0.94,94,91.25,28.55,Strawberry
0.94,94,85.44,27.93,Strawberry
0.94,94,85.19,29.19,Strawberry
0.93,93,87.56,29.08,Strawberry
0.93,93,88.5,29.11,Strawberry
0.93,93,90.31,28.75,Strawberry
0.95,95,92.31,28.12,Strawberry
0.95,95,95.31,28.02,Strawberry
0.96,96,94.25,28.13,Strawberry
0.96,96,93.62,28.18,Strawberry
0.96,96,93.19,28.81,Strawberry
0.96,96,93.38,28.55,Strawberry
0.96,96,92.62,28.32,Strawberry
0.95,95,88.62,29.09,Strawberry
0.95,95,89.44,29,Strawberry
0.95,95,90.69,28.95,Strawberry
0.95,95,92.75,28.31,Strawberry
0.95,95,90.75,28.57,Strawberry
0.95,95,91,28.4,Strawberry
0.95,95,91.94,28.1,Strawberry
0.96,96,93.44,27.65,Strawberry
0.96,96,90.81,28.65,Strawberry
0.96,96,91,28.45,Strawberry
0.95,95,91.5,27.9,Strawberry
0.95,95,91.25,27.92,Strawberry
0.94,94,90.25,28.16,Strawberry
0.94,94,90.44,28.3,Strawberry
0.93,93,92.25,28.1,Strawberry
0.93,93,91.31,28.55,Strawberry
0.95,95,93.12,27.78,Strawberry
0.95,95,93.38,27.89,Strawberry
0.95,95,87.62,29.07,Strawberry
0.95,95,88.38,29.19,Strawberry
0.93,93,88.94,29.17,Strawberry
0.9,90,89.75,28.63,Maize
0.9,90,89.75,28.78,Maize
0.9,90,91.75,28.45,Maize
0.91,91,90.06,28.79,Maize
0.91,91,91.75,28.33,Maize
0.91,91,90.62,28.72,Maize
0.91,91,89.56,28.86,Maize
0.91,91,90.56,28.71,Maize
0.91,91,89.56,28.77,Maize
0.91,91,89.25,28.95,Maize
0.9,90,87.5,29.66,Maize
0.89,89,82.25,30.8,Maize
0.89,89,88.81,29.93,Maize
0.91,91,92,28.34,Maize
0.91,91,90.69,28.08,Maize
0.89,89,92.31,28.15,Maize
0.89,89,92.25,28.11,Maize
0.89,89,92.38,28.15,Maize
0.89,89,92.25,27.79,Maize
0.88,88,90.69,28.19,Maize
0.89,89,92.19,27.96,Maize
0.89,89,92.12,28.13,Maize
0.96,96,91.19,28,Strawberry
0.96,96,91.62,27.48,Strawberry
0.96,96,91.62,27.94,Strawberry
0.95,95,91.56,27.59,Strawberry
0.95,95,91.62,27.93,Strawberry
0.95,95,89.75,28.48,Strawberry
0.95,95,89.25,28.66,Strawberry
0.95,95,89.75,28.23,Strawberry
0.94,94,90.25,27.97,Strawberry
0.93,93,91.38,27.89,Strawberry
0.92,92,88.81,28.71,Strawberry
0.92,92,87.38,29.19,Strawberry
0.91,91,90.75,28.47,Maize
0.91,91,89.06,28.6,Maize
0.91,91,89.06,28.8,Maize
0.91,91,91.56,28.44,Maize
0.91,91,91.5,28.1,Maize
0.91,91,89.25,28.91,Maize
0.91,91,88.69,28.37,Maize
0.91,91,89.12,28.6,Maize
0.89,89,90.25,28.46,Maize
0.89,89,90.69,28.74,Maize
0.89,89,91.81,28.42,Maize
0.89,89,90.44,28.8,Maize
0.89,89,91.44,28.63,Maize
0.89,89,93.19,28.06,Maize
0.89,89,90.25,28.62,Maize
0.91,91,86.38,28.64,Maize
0.91,91,91.56,27.95,Maize
0.91,91,92.38,27.94,Maize
0.91,91,90,28.39,Maize
0.91,91,90.94,28.29,Maize
0.9,90,89.31,28.71,Maize
0.91,91,91.44,28.15,Maize
0.9,90,90.31,28.05,Maize
0.91,91,89.62,28.39,Maize
0.9,90,86.06,28.89,Maize
0.91,91,89.44,28.24,Maize
0.9,90,89.81,27.34,Maize
0.89,89,89.12,27.8,Maize
0.88,88,87.44,28.31,Maize
0.88,88,90.75,27.51,Maize
0.88,88,88.25,28.11,Maize
0.88,88,88.94,28.28,Maize
0.89,89,92.06,27.65,Maize
0.89,89,89.94,28.01,Maize
0.89,89,90.25,27.76,Maize
0.88,88,85.62,28.21,Maize
0.88,88,84.94,28.29,Maize
0.88,88,85,28.75,Maize
0.87,87,85.56,28.62,Maize
0.87,87,86.12,28.59,Maize
0.88,88,88.44,28.06,Maize
0.88,88,91.25,27.57,Maize
0.87,87,80.88,28.63,Maize
0.86,86,83.44,28.65,Maize
0.86,86,85.44,28.26,Maize
0.86,86,88.94,28.05,Maize
0.86,86,86.75,28.35,Maize
0.86,86,89.81,27.76,Maize
0.87,87,81.44,28.4,Maize
0.86,86,80.69,28.76,Maize
0.85,85,79.19,29.07,Pineapple
0.84,84,77.56,28.26,Pineapple
0.84,84,74,27.82,Pineapple
0.83,83,77.81,28.09,Pineapple
0.83,83,70.56,28.19,Pineapple
0.83,83,74.06,28.3,Pineapple
0.83,83,75.25,28.1,Pineapple
0.83,83,74.31,27.6,Pineapple
0.8,80,73.19,27.68,Jute
0.8,80,80.62,27.51,Jute
0.8,80,88.31,26.05,Jute
0.8,80,93.88,24.56,Jute
0.82,82,90.69,25.79,Jute
0.82,82,93.69,25.26,Jute
0.82,82,86.38,25.81,Jute
0.81,81,74.25,25.7,Jute
0.8,80,74.75,25.15,Jute
0.8,80,68.25,24.99,Jute
0.8,80,70.44,25.21,Jute
0.8,80,75.31,25.76,Jute
0.8,80,75.12,25.9,Jute
0.8,80,77.69,25.49,Jute
0.8,80,75.25,25.21,Jute
0.8,80,79.31,25.18,Jute
0.81,81,77.69,24.61,Jute
0.81,81,72.44,23.87,Jute
0.81,81,70.38,23.45,Jute
0.81,81,69.75,23.87,Jute
0.81,81,81.88,23.9,Jute
0.81,81,87.94,23.56,Jute
0.74,74,92.31,22.82,Banana
0.73,73,87.5,23.65,Banana
0.72,72,76.56,25.44,Banana
0.71,71,75.56,25.72,Banana
0.71,71,79.25,25.28,Banana
0.7,70,81.88,24.96,Banana
0.7,70,84.25,25.15,Banana
0.74,74,82.44,25.13,Banana
0.72,72,81.06,23.94,Banana
0.7,70,74.25,22.64,Banana
0.7,70,67.12,21.97,Banana
0.69,69,61.81,22.23,Banana
0.68,68,67.56,21.9,Banana
0.67,67,72,22.23,Banana
0.66,66,69.94,22.33,Banana
0.66,66,65.44,22.65,Banana
0.66,66,70.31,22.78,Banana
0.65,65,69.81,23.25,Banana
0.64,64,70.38,22.88,Banana
0.64,64,73.88,21.81,Banana
0.63,63,70.88,20.65,Banana
0.62,62,64.69,20.33,Banana
0.62,62,70.94,20.76,Banana
0.62,62,70.88,21.13,Banana
0.61,61,69.56,21.9,Banana
0.61,61,71.69,21.8,Banana
0.6,60,71.06,21.26,Potato
0.59,59,73.62,21.01,Potato
0.59,59,75.81,21.47,Potato
0.59,59,73.81,21.7,Potato
0.58,58,64.19,21.36,Potato
0.58,58,60.88,20.62,Potato
0.57,57,61.88,20.3,Potato
0.56,56,64.06,20.41,Potato
0.56,56,67,20.37,Potato
0.55,55,68.81,20.36,Potato
0.55,55,75.06,20.63,Potato
0.55,55,72,20.21,Potato
0.54,54,72.5,19.52,Potato
0.54,54,69.75,18.55,Potato
0.53,53,74.44,19.4,Potato
0.53,53,64.38,19.67,Potato
0.52,52,61.56,19.69,Potato
0.52,52,62.88,20.13,Potato
0.52,52,67,19.88,Potato
0.52,52,67.81,19.86,Potato
0.51,51,63.31,19.59,Potato
0.51,51,62.38,20.01,Potato
0.55,55,76.62,20.12,Potato
0.55,55,88.38,20.73,Potato
0.58,58,78.56,18.95,Potato
0.55,55,76.56,17.44,Potato
0.55,55,78.38,17.87,Potato
0.55,55,75.5,17.48,Potato
0.54,54,70.94,17.64,Potato
0.53,53,68.75,17.65,Potato
0.53,53,65.69,17.03,Potato
0.53,53,64.69,15.47,Potato
0.52,52,60.19,14.94,Potato
0.52,52,55.69,14.44,Potato
0.52,52,60.81,13.76,Potato
0.52,52,68.69,16.01,Potato
0.51,51,66.88,17.53,Potato
0.5,50,64.88,18.05,Sugercane
0.5,50,63.12,17.73,Sugercane
0.49,49,61.5,17.36,Sugercane
0.49,49,63.06,15.73,Sugercane
0.49,49,63.56,16.6,Sugercane
0.48,48,57.06,17.59,Sugercane
0.48,48,52.56,17.9,Sugercane
0.48,48,57.5,18.07,Sugercane
0.48,48,60.94,18.05,Sugercane
0.47,47,61.94,17.22,Sugercane
0.47,47,55.44,16.37,Sugercane
0.47,47,54.81,16.65,Sugercane
0.46,46,55.56,17.73,Sugercane
0.46,46,63.06,18.06,Sugercane
0.46,46,59.81,17.19,Sugercane
0.45,45,56.5,17.1,Sugercane
0.45,45,57,17.68,Sugercane
0.45,45,53.75,17.27,Sugercane
0.45,45,57.31,16.8,Sugercane
0.45,45,59.69,17.28,Sugercane
0.45,45,59.06,18.53,Sugercane
0.44,44,53.75,19.3,Wheat
0.44,44,49.88,19.34,Wheat
0.43,43,57,19.94,Wheat
0.43,43,56,20.4,Wheat
0.43,43,54.94,21.08,Wheat
0.42,42,58.19,21.6,Wheat
0.42,42,61.44,21.33,Wheat
0.42,42,55.62,19.8,Wheat
0.41,41,50.38,17.03,Wheat
0.41,41,47.5,18.39,Wheat
0.41,41,44.12,19.08,Wheat
0.41,41,50.38,19.63,Wheat
0.41,41,46.88,19.48,Wheat
0.41,41,46.44,19.43,Wheat
0.4,40,42.31,19.12,Wheat
0.4,40,36.88,19.11,Wheat
0.4,40,46.25,20.42,Wheat
0.39,39,50.5,22.09,Wheat
0.4,40,63.19,23.08,Wheat
0.39,39,55.62,20.53,Wheat
0.38,38,43.62,18.51,Wheat
0.38,38,50.75,20.11,Wheat
0.38,38,49.44,21.13,Wheat
0.38,38,42.88,22.03,Wheat
0.38,38,42.25,22.78,Wheat
0.38,38,51.06,22.59,Wheat
0.43,43,68,20.71,Wheat
0.41,41,52.25,20.2,Wheat
0.39,39,65.69,22.62,Wheat
0.38,38,66.5,23.96,Wheat
0.38,38,60.5,24.11,Wheat
0.38,38,51.44,24.3,Wheat
0.38,38,69.19,26.19,Wheat
0.38,38,59,25.64,Wheat
0.58,58,72,24,Potato
0.56,56,80.06,23.12,Potato
0.52,52,79.69,23.16,Potato
0.55,55,81.75,22.87,Potato
0.55,55,64.12,20.36,Potato
0.51,51,47.25,18.85,Potato
0.51,51,45.62,20.18,Potato
0.51,51,63.12,21.56,Potato
0.55,55,85.69,23.2,Potato
0.51,51,68.62,24.2,Potato
0.51,51,57.12,24.19,Potato
0.48,48,49.25,22.76,Sugercane
0.48,48,54.88,22.19,Sugercane
0.47,47,71.94,24.07,Sugercane
0.47,47,71.75,25.68,Sugercane
0.46,46,62.94,25.83,Sugercane
0.45,45,61.06,26.4,Sugercane
0.45,45,58.94,26.98,Sugercane
0.45,45,61.12,27.68,Sugercane
0.45,45,57.62,28.33,Sugercane
0.45,45,54.69,28.2,Sugercane
0.5,50,56.19,25.58,Sugercane
0.46,46,64.06,26.01,Sugercane
0.45,45,71.19,26.87,Sugercane
0.45,45,70.06,27.58,Sugercane
0.45,45,73,28.19,Sugercane
0.47,47,69.44,27.95,Sugercane
0.43,43,53,26.91,Wheat
0.42,42,46.25,26.65,Wheat
0.42,42,54.94,27.9,Wheat
0.43,43,51.31,27.01,Wheat
0.41,41,53.38,28.15,Wheat
0.41,41,63.38,28.85,Wheat
0.41,41,67.69,29.18,Wheat
0.44,44,73.31,29.23,Wheat
0.43,43,82.75,27.27,Wheat
0.51,51,78.31,27.81,Potato
0.51,51,78.38,28.02,Potato
0.51,51,78.06,28.32,Potato
0.51,51,75.06,28.8,Potato
0.51,51,77.94,27.18,Potato
0.52,52,69.5,28.03,Potato
0.52,52,73,28.09,Potato
0.56,56,78.19,27.72,Potato
0.6,60,79,27.73,Potato
0.52,52,75.94,29.01,Potato
0.51,51,74.81,29.11,Potato
0.49,49,69.06,30.39,Sugercane
0.48,48,69.88,30.59,Sugercane
0.47,47,71.5,30.73,Sugercane
0.47,47,72.75,30.9,Sugercane
0.5,50,65.75,30.91,Sugercane
0.46,46,49.56,30.31,Sugercane
0.45,45,50.44,30.77,Sugercane
0.45,45,50.75,30.79,Sugercane
0.44,44,57.81,31.49,Wheat
0.44,44,59.5,30.54,Wheat
0.43,43,53.06,30.82,Wheat
0.42,42,52.19,32.08,Wheat
0.41,41,56.12,32.81,Wheat
0.4,40,55.25,32.94,Wheat
0.41,41,65.44,32.75,Wheat
0.41,41,67.75,32.65,Wheat
0.4,40,66.88,32.84,Wheat
0.4,40,67.94,32.48,Wheat
0.39,39,67.12,32.21,Wheat
0.4,40,68.75,31.98,Wheat
0.58,58,79.31,29.89,Potato
0.58,58,86.56,27.58,Potato
0.55,55,73.75,29.63,Potato
0.52,52,72.62,30.99,Potato
0.52,52,71.06,31.37,Potato
0.52,52,72.56,31.76,Potato
0.52,52,76.12,31.47,Potato
0.52,52,74.38,31.96,Potato
0.52,52,76.88,31.31,Potato
0.52,52,75.44,30.89,Potato
0.52,52,75.38,30.75,Potato
0.6,60,78.56,30.11,Potato
0.55,55,71.56,31.09,Potato
0.51,51,71.31,31.65,Potato
0.59,59,76.88,30.5,Potato
0.59,59,82.38,30.12,Potato
0.58,58,82.62,30.09,Potato
0.54,54,77.38,30.83,Potato
0.53,53,78.38,30.83,Potato
0.53,53,78.81,30.5,Potato
0.68,68,86,29.18,Banana
0.73,73,88.44,28.88,Banana
0.71,71,88.56,28.45,Banana
0.71,71,87.06,29.02,Banana
0.75,75,87.31,29.4,Banana
0.74,74,86,29.6,Banana
0.73,73,84.56,29.93,Banana
0.7,70,83.19,29.69,Banana
0.75,75,84.5,29.94,Banana
0.84,84,86.38,29.09,Pineapple
0.85,85,85.62,29.17,Pineapple
0.84,84,86.25,28.69,Pineapple
0.84,84,88,28.62,Pineapple
0.84,84,92.31,27.65,Pineapple
0.85,85,92.75,27.44,Pineapple
0.84,84,90.56,27.7,Pineapple
0.84,84,89.62,28.08,Pineapple
0.84,84,91.12,28.48,Pineapple
0.84,84,87.25,29.44,Pineapple
0.83,83,86.75,29.58,Pineapple
0.83,83,82.88,30.63,Pineapple
0.83,83,89.31,29.74,Pineapple
0.84,84,90.62,29.26,Pineapple
0.85,85,93,29.05,Pineapple
0.84,84,91.31,28.92,Pineapple
0.85,85,92.06,28.97,Pineapple
0.85,85,86.81,29.37,Pineapple
0.84,84,86.38,29.78,Pineapple
0.84,84,82.94,27.94,Pineapple
0.84,84,86.5,28.85,Pineapple
0.85,85,89.25,29.15,Pineapple
0.83,83,84.5,30.1,Pineapple
0.82,82,85.12,30.2,Jute
0.81,81,86.5,29.9,Jute
0.81,81,88.69,29.51,Jute
0.82,82,87.56,29.44,Jute
0.82,82,91.06,28.99,Jute
0.82,82,89.88,29.35,Jute
0.82,82,86.12,29.26,Jute
0.82,82,88.56,29.01,Jute
0.82,82,88,29.5,Jute
0.81,81,86.94,29.58,Jute
0.81,81,86.56,30.12,Jute
0.82,82,90,29.06,Jute
0.82,82,89.5,28.91,Jute
0.82,82,89.75,28.86,Jute
0.95,95,91,28.72,Strawberry
0.92,92,93,28.22,Strawberry
0.92,92,93.5,28.21,Strawberry
0.93,93,94.62,27.76,Strawberry
0.94,94,94.38,27.8,Strawberry
0.96,96,93.31,28.01,Strawberry
0.96,96,94.31,27.82,Strawberry
0.97,97,93.12,28.4,Strawberry
0.96,96,91.75,28.62,Strawberry
0.95,95,85.88,29.77,Strawberry
0.95,95,84.19,29.2,Strawberry
0.95,95,90.81,28.44,Strawberry
0.95,95,87.88,29.31,Strawberry
0.94,94,89.31,29.06,Strawberry
0.94,94,90.25,28.42,Strawberry
0.93,93,90.5,27.67,Strawberry
0.93,93,91.81,28.38,Strawberry
0.94,94,86.62,29.33,Strawberry
0.95,95,91.88,27.83,Strawberry
0.95,95,91.38,28.31,Strawberry
0.95,95,90.06,28.19,Strawberry
0.94,94,91.44,27.86,Strawberry
0.95,95,92.94,27.56,Strawberry
0.95,95,91.12,28.22,Strawberry
0.94,94,89.81,28.46,Strawberry
0.93,93,91.06,28.17,Strawberry
0.93,93,91.06,28.09,Strawberry
0.92,92,87.69,29.48,Strawberry
0.92,92,80.81,30.09,Strawberry
0.93,93,91,28.8,Strawberry
0.94,94,92.06,27.89,Strawberry
0.95,95,91.38,28.02,Strawberry
0.95,95,89.75,28.9,Strawberry
0.94,94,85.81,29.92,Strawberry
0.94,94,83.38,30.05,Strawberry
0.95,95,93.5,28.31,Strawberry
0.96,96,92.69,27.63,Strawberry
0.98,98,94.62,27.61,Strawberry
0.98,98,93.31,28.23,Strawberry
0.98,98,92.12,28.21,Strawberry
0.98,98,90.94,28.4,Strawberry
0.96,96,90.5,27.56,Strawberry
0.95,95,88.31,28.76,Strawberry
0.95,95,87.56,28.96,Strawberry
0.94,94,84.81,29.52,Strawberry
0.94,94,84.5,29.15,Strawberry
0.93,93,89.69,28.33,Strawberry
0.94,94,93.44,27.45,Strawberry
0.93,93,88.5,28.49,Strawberry
0.92,92,89.88,28.62,Strawberry
0.92,92,88.88,28.66,Strawberry
0.91,91,91.25,28.17,Maize
0.91,91,87.56,28.87,Maize
0.9,90,83.19,29.33,Maize
0.9,90,88.31,28.73,Maize
0.91,91,85.75,29.9,Maize
0.91,91,88.69,28.87,Maize
0.91,91,89.88,28.67,Maize
0.9,90,92.31,28.32,Maize
0.9,90,91.31,28.3,Maize
0.9,90,89.44,28.6,Maize
0.9,90,92.38,27.8,Maize
0.91,91,90.56,28.61,Maize
0.91,91,90.31,29.07,Maize
0.91,91,91.75,28.71,Maize
0.91,91,91.5,28.72,Maize
0.91,91,93.25,27.92,Maize
0.91,91,93.06,27.64,Maize
0.91,91,90.31,27.9,Maize
0.91,91,88.56,28.68,Maize
0.91,91,90.12,28.21,Maize
0.91,91,83.69,28.81,Maize
0.91,91,76.56,29.62,Maize
0.9,90,77.31,29.69,Maize
0.89,89,84,28.87,Maize
0.89,89,80.69,29.31,Maize
0.9,90,82.5,29.04,Maize
0.9,90,86.44,27.98,Maize
0.91,91,91.81,27.08,Maize
0.92,92,90.81,26.66,Maize
0.92,92,85.44,26.73,Maize
0.91,91,84.31,27.15,Maize
0.91,91,85.38,26.51,Maize
0.91,91,89.94,25.9,Maize
0.93,93,89.25,26.52,Strawberry
0.93,93,91.75,26.58,Strawberry
0.93,93,85.94,27.58,Strawberry
0.92,92,87.44,27.93,Strawberry
0.92,92,86.94,27.62,Strawberry
0.92,92,87,27.48,Strawberry
0.92,92,87.62,27.37,Strawberry
0.92,92,87.56,27.41,Strawberry
0.92,92,86,26.82,Strawberry
0.92,92,88.44,25.93,Strawberry
0.93,93,91.12,25.92,Strawberry
0.93,93,87,26.96,Strawberry
0.92,92,82.44,26.82,Strawberry
0.91,91,83.56,25.82,Maize
0.91,91,83.69,25.94,Maize
0.91,91,82.25,27.15,Maize
0.9,90,80.38,27.7,Maize
0.91,91,78.25,28.09,Maize
0.9,90,81.62,27.52,Maize
0.89,89,83.81,26.85,Maize
0.88,88,86.12,26.65,Maize
0.88,88,86.12,26.4,Maize
0.88,88,86.81,26.65,Maize
0.88,88,87,26.07,Maize
0.89,89,90.44,22.86,Maize
0.89,89,90.75,24.56,Maize
0.89,89,94.44,25.75,Maize
0.91,91,89.56,26.06,Maize
0.9,90,87.75,24.25,Maize
0.9,90,85.88,24.19,Maize
0.89,89,83.19,24.83,Maize
0.88,88,82.81,25.12,Maize
0.88,88,85.25,25.26,Maize
0.88,88,83.62,25.38,Maize
0.88,88,79.56,25.12,Maize
0.87,87,83.12,25.51,Maize
0.87,87,80.81,25.39,Maize
0.86,86,82.56,24.45,Maize
0.85,85,75,24.17,Maize
0.86,86,90.69,23.89,Maize
0.86,86,94.88,23.57,Maize
0.86,86,95,23.91,Maize
0.86,86,90.31,24.19,Maize
0.91,91,85.62,23.48,Maize
0.91,91,85.56,22.98,Maize
0.9,90,81.38,23.6,Maize
0.89,89,79.62,23.19,Maize
0.89,89,81.56,23.19,Maize
0.88,88,79.38,23.12,Maize
0.88,88,78.38,22.66,Maize
0.88,88,74.25,22.23,Maize
0.88,88,82.12,21.39,Maize
0.88,88,76.75,20.98,Maize
0.87,87,76.81,21.23,Maize
0.87,87,76.81,21.78,Maize
0.86,86,78,21.78,Maize
0.86,86,80.81,21.65,Maize
0.85,85,79.06,22.14,Maize
0.85,85,80.19,21.86,Maize
0.85,85,79.5,22.15,Maize
0.84,84,80.62,22.24,Pineapple
0.84,84,82.88,21.98,Pineapple
0.84,84,85.88,20.71,Pineapple
0.84,84,83.44,19.42,Pineapple
0.84,84,78.81,18.58,Pineapple
0.83,83,84.56,19.05,Pineapple
0.83,83,74.88,19.93,Pineapple
0.83,83,79.06,20.88,Pineapple
0.83,83,78.75,20.27,Pineapple
0.83,83,71.81,20.4,Pineapple
0.83,83,78.25,20.64,Pineapple
0.83,83,81.88,19.85,Pineapple
0.8,80,77.94,19.51,Jute
0.8,80,78.19,19.17,Jute
0.8,80,76.62,18.44,Jute
0.8,80,75.62,18.83,Jute
0.8,80,81.06,19.04,Jute
0.8,80,86.06,19.19,Jute
0.8,80,86.19,18.63,Jute
0.8,80,87.38,16.87,Jute
0.8,80,90,15.35,Jute
0.8,80,82.94,15.11,Jute
0.8,80,87.56,14.88,Jute
0.8,80,86.69,14.94,Jute
0.8,80,86.5,15.59,Jute
0.8,80,84.5,15.34,Jute
0.8,80,83.25,15.15,Jute
0.8,80,82.44,16.76,Jute
0.8,80,89.56,14.44,Jute
0.81,81,86.25,14.3,Jute
0.81,81,84.38,15.33,Jute
0.81,81,81.75,16.23,Jute
0.81,81,78.12,17.23,Jute
0.81,81,71.25,18.7,Jute
0.81,81,78.19,18.83,Jute
0.81,81,92.19,17.22,Jute
0.81,81,85.56,18.16,Jute
0.82,82,87,17.54,Jute
0.82,82,83.81,14.78,Jute
0.82,82,81.75,14.81,Jute
0.82,82,81.31,15.26,Jute
0.82,82,84.38,16,Jute
0.82,82,86.06,17.05,Jute
0.82,82,88.44,15.19,Jute
0.82,82,86.56,15.23,Jute
0.82,82,82.62,14.99,Jute
0.82,82,81.06,15.52,Jute
0.82,82,83.56,16.38,Jute
0.82,82,78.81,17.6,Jute
0.82,82,77.25,18.73,Jute
0.82,82,71.5,18.97,Jute
0.82,82,79.19,18.93,Jute
0.82,82,84.94,16.88,Jute
0.82,82,75.56,14.94,Jute
0.82,82,74.75,14.75,Jute
0.73,73,75.88,16.25,Banana
0.73,73,74.88,15.67,Banana
0.73,73,70,14.69,Banana
0.72,72,72.12,14.44,Banana
0.71,71,71.06,14.46,Banana
0.71,71,70.69,16.02,Banana
0.7,70,76.31,16.68,Banana
0.7,70,80.12,17.88,Banana
0.7,70,82.12,17.8,Banana
0.69,69,74.19,16.89,Banana
0.69,69,67.25,15.73,Banana
0.68,68,69.06,14.6,Banana
0.67,67,68.56,14.93,Banana
0.66,66,68.5,15.98,Banana
0.66,66,66.5,16.84,Banana
0.66,66,67.06,17.12,Banana
0.65,65,68.25,17.58,Banana
0.65,65,73.12,17.56,Banana
0.64,64,65.75,15.89,Banana
0.63,63,66,16,Banana
0.62,62,64.38,16.04,Banana
0.62,62,57,16.39,Banana
0.62,62,67.62,17.58,Banana
0.61,61,77.94,19.24,Banana
0.61,61,68.94,19.5,Banana
0.61,61,63.62,19.58,Banana
0.61,61,60.56,19.43,Banana
0.61,61,58.56,19.79,Banana
0.61,61,56.5,19.83,Banana
0.61,61,61.19,20.37,Banana
0.61,61,59.44,21.03,Banana
0.61,61,64.19,22.25,Banana
0.61,61,67.25,22.49,Banana
0.61,61,73.44,20.58,Banana
0.61,61,75.94,21.65,Banana
0.61,61,73.12,21.7,Banana
0.61,61,63.75,21.45,Banana
0.61,61,59.88,21.9,Banana
0.61,61,58.88,22.52,Banana
0.61,61,55.25,23.02,Banana
0.62,62,64.31,22.85,Banana
0.66,66,72.94,22.98,Banana
0.61,61,73.88,23.26,Banana
0.62,62,74.75,23.36,Banana
0.62,62,78.19,23.3,Banana
0.62,62,75.31,24.12,Banana
0.62,62,63.12,22.73,Banana
0.62,62,55.69,22.12,Banana
0.62,62,58.5,23.26,Banana
0.62,62,61.88,25.4,Banana
0.62,62,62.75,25.88,Banana
0.52,52,64.25,25.56,Potato
0.51,51,65.12,24.45,Potato
0.51,51,63.81,25.2,Potato
0.51,51,60.25,24.83,Potato
0.51,51,56.56,25.04,Potato
0.51,51,50.88,25.16,Potato
0.51,51,51.19,24.74,Potato
0.51,51,48.62,25.9,Potato
0.51,51,61.25,26.01,Potato
0.51,51,58.94,25.76,Potato
0.43,43,54.56,26.3,Wheat
0.43,43,60.12,26.86,Wheat
0.43,43,50.25,27.41,Wheat
0.44,44,53.25,28.13,Wheat
0.43,43,53.12,29.28,Wheat
0.42,42,52.12,29.32,Wheat
0.41,41,40.81,28.05,Wheat
0.41,41,40.81,28.01,Wheat
0.41,41,40.69,28.46,Wheat
0.41,41,65.88,30,Wheat
0.41,41,68.88,29.83,Wheat
0.41,41,69.12,29.42,Wheat
0.41,41,69.38,28.76,Wheat
0.41,41,65.31,28.3,Wheat
0.41,41,65.88,28.96,Wheat
0.41,41,67.62,29.96,Wheat
0.44,44,69.81,29.08,Wheat
0.42,42,61.81,29.93,Wheat
0.43,43,61.75,30.3,Wheat
0.44,44,55.56,29.58,Wheat
0.44,44,58.44,29.66,Wheat
0.41,41,61.56,30.78,Wheat
0.43,43,69,30.26,Wheat
0.43,43,68.12,29.97,Wheat
0.43,43,70.12,30.08,Wheat
0.43,43,76.81,28.85,Wheat
0.43,43,77.31,29.19,Wheat
0.43,43,80.5,28.39,Wheat
0.43,43,74.06,28.17,Wheat
0.43,43,74.56,27.47,Wheat
0.43,43,76.94,27.67,Wheat
0.43,43,82.56,26.62,Wheat
0.7,70,83.69,27.48,Banana
0.73,73,87,26.78,Banana
0.72,72,82.75,26.58,Banana
0.74,74,84.25,26.26,Banana
0.73,73,84.5,26.69,Banana
0.73,73,82.56,27.73,Banana
0.73,73,83.25,27.47,Banana
0.74,74,84.56,27.26,Banana
0.74,74,85.31,27.51,Banana
0.74,74,80.44,28.39,Banana
0.74,74,83.62,29,Banana
0.74,74,83.31,28.1,Banana
0.78,78,74.25,28.37,Mango
0.78,78,73.81,28.26,Mango
0.78,78,75.94,29.06,Mango
0.78,78,71.19,29.85,Mango
0.79,79,71.56,29.65,Mango
0.77,77,78.12,29.34,Mango
0.77,77,82.62,28.83,Mango
0.78,78,83.06,29.02,Mango
0.78,78,83.75,29.22,Mango
0.78,78,84.88,29.39,Mango
0.78,78,82.56,29.79,Mango
0.77,77,82.69,29.9,Mango
0.77,77,77.38,29.08,Mango
0.77,77,85.44,27.87,Mango
0.77,77,86.31,27.83,Mango
0.77,77,85.25,28.66,Mango
0.77,77,85.5,29.26,Mango
0.77,77,87.12,29.21,Mango
0.78,78,86.31,29.01,Mango
0.78,78,85.94,28.6,Mango
0.78,78,89.69,28.27,Mango
0.78,78,86.62,28.37,Mango
0.78,78,86.12,28.44,Mango
0.78,78,87.19,28.58,Mango
0.78,78,85.56,28.83,Mango
0.78,78,89.12,28.18,Mango
0.78,78,90.81,27.98,Mango
0.78,78,88.25,28.19,Mango
0.78,78,89,28.55,Mango
0.78,78,91.38,27.92,Mango
0.78,78,93.12,28.12,Mango
0.78,78,88.12,28.92,Mango
0.78,78,87.12,29.01,Mango
0.89,89,83.88,29.94,Maize
0.9,90,89.75,28.65,Maize
0.91,91,93.19,28.11,Maize
0.9,90,91.69,28.41,Maize
0.9,90,94.56,28.33,Maize
0.91,91,92.25,28.51,Maize
0.91,91,92.5,28.78,Maize
0.91,91,89.56,28.72,Maize
0.91,91,94.81,27.78,Maize
0.91,91,93.38,27.87,Maize
0.91,91,90.31,28.77,Maize
0.91,91,91.12,28.64,Maize
0.91,91,90.94,28.32,Maize
0.91,91,90.25,28.42,Maize
0.91,91,89.56,29.08,Maize
0.91,91,89.06,29.33,Maize
0.91,91,90.19,29.08,Maize
0.91,91,92.31,28.46,Maize
0.91,91,90.5,28.41,Maize
0.91,91,90.94,27.49,Maize
0.91,91,87.19,28.82,Maize
0.91,91,88.62,29.24,Maize
0.9,90,89.44,28.58,Maize
0.89,89,91.06,28.78,Maize
0.89,89,88.38,29.51,Maize
0.89,89,90.94,28.81,Maize
0.9,90,92,28.48,Maize
0.89,89,90.94,28.86,Maize
0.89,89,90.56,28.94,Maize
0.89,89,89.62,29.25,Maize
0.9,90,91.56,28.88,Maize
0.9,90,91.12,28.93,Maize
0.9,90,93.69,28.27,Maize
0.9,90,90.88,28.63,Maize
0.91,91,90,29.01,Maize
0.91,91,90.75,28.25,Maize
0.91,91,89.06,28.97,Maize
0.91,91,87.94,29.1,Maize
0.9,90,88.44,29.34,Maize
0.9,90,93,28.4,Maize
0.91,91,90.06,28.83,Maize
0.91,91,93.88,28.05,Maize
0.91,91,93.62,28.05,Maize
0.91,91,92.75,27.69,Maize
0.91,91,90.88,27.98,Maize
0.91,91,91.62,28.14,Maize
0.91,91,88.25,28.73,Maize
0.91,91,87,29.52,Maize
0.91,91,90.62,28.8,Maize
0.91,91,89.5,28.8,Maize
0.91,91,89.81,28.64,Maize
0.91,91,88.44,28.89,Maize
0.91,91,87.19,29.44,Maize
0.91,91,86.25,30.11,Maize
0.91,91,86.75,29.86,Maize
0.91,91,82.81,30.63,Maize
0.91,91,92,28.61,Maize
0.91,91,89.88,28.76,Maize
0.91,91,92.5,27.98,Maize
0.91,91,90.06,28.98,Maize
0.91,91,89.38,28.88,Maize
0.9,90,90.75,28.64,Maize
0.9,90,90.81,28.84,Maize
0.91,91,89.94,29.21,Maize
0.91,91,89.69,29.35,Maize
0.9,90,88.62,29.33,Maize
0.89,89,89.5,28.78,Maize
0.91,91,90.5,28.16,Maize
0.91,91,90.88,28.08,Maize
0.91,91,91.19,28.03,Maize
0.91,91,91.56,28.21,Maize
0.91,91,93.44,27.3,Maize
0.91,91,94.12,26.74,Maize
0.91,91,93,27.01,Maize
0.91,91,90.94,27.56,Maize
0.91,91,90,27.91,Maize
0.91,91,88.5,28.69,Maize
0.91,91,92.69,27.73,Maize
0.91,91,91.44,27.51,Maize
0.91,91,93.19,27.37,Maize
0.92,92,89.56,28.39,Maize
0.91,91,88.88,28.74,Maize
0.91,91,88.44,29.06,Maize
0.91,91,88.62,29.05,Maize
0.91,91,89.38,28.33,Maize
0.92,92,88.62,28.33,Maize
0.91,91,85.06,29.26,Maize
0.91,91,84.12,29.8,Maize
0.9,90,86.12,29.49,Maize
0.89,89,89.44,28.64,Maize
0.89,89,89.12,28.52,Maize
0.88,88,87.94,28.7,Maize
0.88,88,85.62,29.3,Maize
0.89,89,88.06,28.85,Maize
0.89,89,89.31,28.45,Maize
0.89,89,88.94,28.94,Maize
0.89,89,90.88,28.45,Maize
0.89,89,91.44,28.13,Maize
0.89,89,89.75,28.67,Maize
0.88,88,91.81,28.02,Maize
0.89,89,89.62,28.48,Maize
0.88,88,82.06,29.8,Maize
0.88,88,87.38,29.37,Maize
0.88,88,84.62,29.9,Maize
0.9,90,90.75,28.39,Maize
0.9,90,94.31,28.03,Maize
0.91,91,94.19,27.83,Maize
0.91,91,94.38,27.65,Maize
0.91,91,94.75,27.54,Maize
0.91,91,93.81,27.64,Maize
0.91,91,91.38,27.79,Maize
0.91,91,87.94,28.55,Maize
0.91,91,87.25,28.59,Maize
0.92,92,85.12,28.42,Strawberry
0.93,93,89.94,27.9,Strawberry
0.93,93,90.62,28.06,Strawberry
0.93,93,90.38,28.05,Strawberry
0.93,93,89.5,27.8,Strawberry
0.93,93,90.81,27.56,Strawberry
0.94,94,88.88,27.08,Strawberry
0.94,94,89.19,27.38,Strawberry
0.93,93,80.56,28.48,Strawberry
0.92,92,82.44,29.19,Strawberry
0.92,92,83.19,29.57,Strawberry
0.92,92,80.25,29.77,Strawberry
0.92,92,80.88,29.36,Strawberry
0.92,92,79.31,29.7,Strawberry
0.92,92,85.62,29.08,Strawberry
0.92,92,82.31,29.44,Strawberry
0.92,92,81.81,28.95,Strawberry
0.92,92,81.88,29.19,Strawberry
0.92,92,87.94,28.08,Strawberry
0.92,92,83.06,28.12,Strawberry
0.92,92,87.69,28.04,Strawberry
0.92,92,93.25,26.55,Strawberry
0.94,94,95.31,25.81,Strawberry
0.97,97,95.25,26.34,Strawberry
0.95,95,91.25,26.74,Strawberry
0.95,95,85,26.98,Strawberry
0.94,94,84.44,26.94,Strawberry
0.93,93,86.75,26.54,Strawberry
0.93,93,85.62,26.13,Strawberry
0.93,93,85.12,27.04,Strawberry
0.93,93,86.94,27.61,Strawberry
0.94,94,94.06,26.05,Strawberry
0.95,95,89.31,25.86,Strawberry
0.94,94,90.31,26.48,Strawberry
0.94,94,88.5,27.05,Strawberry
0.94,94,79.38,25.19,Strawberry
0.93,93,71.38,22.82,Strawberry
0.92,92,73.69,20.58,Strawberry
0.92,92,76.44,21.08,Strawberry
0.92,92,77.94,22.54,Strawberry
0.92,92,81.69,23.89,Strawberry
0.92,92,84.75,23.73,Strawberry
0.92,92,84.5,23.8,Strawberry
0.92,92,80.19,24.45,Strawberry
0.92,92,85.12,24.82,Strawberry
0.92,92,86.12,24.2,Strawberry
0.92,92,85.25,23.4,Strawberry
0.92,92,83.94,23.4,Strawberry
0.92,92,83,23.29,Strawberry
0.87,87,75.44,22.49,Maize
0.87,87,77.25,22.3,Maize
0.87,87,82.12,23.05,Maize
0.87,87,84.19,23.26,Maize
0.87,87,79.81,20.83,Maize
0.86,86,78,17.93,Maize
0.86,86,78.62,18.83,Maize
0.86,86,84.19,19.94,Maize
0.85,85,87,20.67,Pineapple
0.84,84,85.12,20.81,Pineapple
0.84,84,88.62,20.84,Pineapple
0.84,84,88.19,20.93,Pineapple
0.84,84,84.62,20.38,Pineapple
0.84,84,83.88,20.69,Pineapple
0.84,84,81.75,20.47,Pineapple
0.83,83,78.38,20.3,Pineapple
0.83,83,78.25,19.92,Pineapple
0.83,83,76.38,19.22,Pineapple
0.83,83,78.19,19.5,Pineapple
0.83,83,84.69,19.46,Pineapple
0.83,83,87.81,19.4,Pineapple
0.82,82,84.38,18.76,Jute
0.81,81,84.12,18.55,Jute
0.81,81,86.31,18.5,Jute
0.81,81,85.56,18.26,Jute
0.8,80,84.31,18.62,Jute
0.8,80,85.19,18.44,Jute
0.8,80,87.19,18.45,Jute
0.8,80,84.94,18.76,Jute
0.8,80,85.81,18.3,Jute
0.8,80,83,16.76,Jute
0.8,80,80.69,14.52,Jute
0.8,80,83.06,14.29,Jute
0.8,80,81,15.61,Jute
0.8,80,77.94,16.24,Jute
0.8,80,79.5,16.28,Jute
0.8,80,79.62,16.7,Jute
0.8,80,86,17.2,Jute
0.8,80,82.88,16.28,Jute
0.8,80,80,15.26,Jute
0.8,80,79.69,15.55,Jute
0.8,80,81.94,15.47,Jute
0.8,80,81.19,15.9,Jute
0.8,80,84.12,16.55,Jute
0.8,80,82.81,16.73,Jute
0.8,80,83.25,16.93,Jute
0.8,80,81.56,16.94,Jute
0.8,80,79.31,17.4,Jute
0.8,80,82,17.89,Jute
0.82,82,80.88,18.87,Jute
0.82,82,74.12,19.99,Jute
0.82,82,77.19,19.48,Jute
0.82,82,78,18.84,Jute
0.82,82,77.75,19.33,Jute
0.82,82,80.38,20.37,Jute
0.82,82,83.19,19.23,Jute
0.82,82,78.06,17.19,Jute
0.82,82,73.94,15.9,Jute
0.82,82,72.12,15.08,Jute
0.82,82,72.38,15.12,Jute
0.82,82,78.19,15.44,Jute
0.82,82,80.12,16.22,Jute
0.82,82,76.88,16.1,Jute
0.82,82,89.56,18.15,Jute
0.82,82,73,17.44,Jute
0.66,66,71.62,15.89,Banana
0.65,65,67.81,15.5,Banana
0.65,65,67.94,16.1,Banana
0.64,64,77.31,16.44,Banana
0.63,63,74.69,16.31,Banana
0.62,62,71.88,15.45,Banana
0.62,62,69.81,15.22,Banana
0.62,62,70.94,15.95,Banana
0.61,61,67.06,15.95,Banana
0.61,61,61.94,14.05,Banana
0.61,61,63.06,14.16,Banana
0.59,59,64.25,14.41,Potato
0.59,59,66.5,15.99,Potato
0.59,59,66.94,17.38,Potato
0.58,58,63.56,18.1,Potato
0.57,57,62.5,18.69,Potato
0.57,57,71.69,18.04,Potato
0.56,56,65.88,17.76,Potato
0.55,55,63,17.73,Potato
0.55,55,55.12,18.1,Potato
0.55,55,52.69,18.44,Potato
0.54,54,53.56,18.57,Potato
0.53,53,55,18.95,Potato
0.53,53,51.81,19.15,Potato
0.52,52,55.62,19.87,Potato
0.52,52,57.31,20.15,Potato
0.51,51,55.88,20.71,Potato
0.51,51,55.44,22.23,Potato
0.51,51,56,22.43,Potato
0.51,51,61.06,21.18,Potato
0.51,51,52.06,21.62,Potato
0.51,51,50.25,21.11,Potato
0.51,51,48.94,21.54,Potato
0.51,51,49.94,22.38,Potato
0.51,51,60.5,23.21,Potato
0.51,51,65.88,24.08,Potato
0.45,45,66.88,24.85,Sugercane
0.45,45,67,25.48,Sugercane
0.45,45,69.38,26.42,Sugercane
0.45,45,63.44,26.2,Sugercane
0.45,45,61.5,25.7,Sugercane
0.45,45,48.31,23.94,Sugercane
0.45,45,66.5,25.55,Sugercane
0.45,45,73.31,26.89,Sugercane
0.45,45,70.88,26.76,Sugercane
0.45,45,72.62,26.75,Sugercane
0.45,45,69.75,27.45,Sugercane
0.45,45,67.19,27.8,Sugercane
0.45,45,66.88,28.08,Sugercane
0.45,45,62.25,28.78,Sugercane
0.45,45,57.88,28.37,Sugercane
0.45,45,56,27.38,Sugercane
0.45,45,52.75,26.72,Sugercane
0.4,40,44.62,27.18,Wheat
0.39,39,36.94,26.72,Wheat
0.39,39,33.5,27.11,Wheat
0.39,39,47.25,28.17,Wheat
0.39,39,48.06,27.89,Wheat
0.38,38,48.38,29.8,Wheat
0.38,38,42.88,30.78,Wheat
0.37,37,40.62,30.02,Wheat
0.37,37,45.25,29.92,Wheat
0.36,36,40.5,30.28,Wheat
0.36,36,36.31,29,Wheat
0.35,35,35.44,29.19,Wheat
0.35,35,41.5,29.01,Wheat
0.35,35,55.44,30.76,Wheat
0.36,36,61.81,31.25,Wheat
0.36,36,67.06,31.25,Wheat
0.38,38,67.62,31.22,Wheat
0.35,35,63.31,31.11,Wheat
0.34,34,56.81,31.34,Wheat
0.34,34,49.06,30.36,Wheat
0.38,38,47.38,30.37,Wheat
0.38,38,51.75,29.86,Wheat
0.34,34,57.81,31.33,Wheat
0.34,34,61.38,31.73,Wheat
0.34,34,58.38,31.66,Wheat
0.35,35,50.94,31.75,Wheat
0.34,34,51.75,33.25,Wheat
0.33,33,48.62,33.9,Wheat
0.32,32,41.88,33.9,Wheat
0.32,32,48.06,33.57,Wheat
0.33,33,59.38,30.73,Wheat
0.33,33,53.88,30.01,Wheat
0.43,43,62.25,30.15,Wheat
0.46,46,61.88,30.52,Wheat
0.36,36,55.12,32.12,Wheat
0.35,35,58.62,32.56,Wheat
0.34,34,59.81,32.76,Wheat
0.38,38,56.5,32.97,Wheat
0.36,36,50.44,32.44,Wheat
0.34,34,37.44,32.39,Wheat
0.33,33,47.19,33.06,Wheat
0.33,33,48,34.3,Wheat
0.33,33,52.19,33.98,Wheat
0.33,33,56.38,33.34,Wheat
0.36,36,56.62,31.32,Wheat
0.37,37,52.06,32.27,Wheat
0.34,34,52.81,33.5,Wheat
0.34,34,54.62,33.3,Wheat
0.34,34,71.88,28.87,Wheat
0.34,34,74.81,27.52,Wheat
0.34,34,71,27.25,Wheat
0.34,34,62.06,29.8,Wheat
0.34,34,66.75,30.55,Wheat
0.55,55,66.06,30.9,Potato
0.55,55,59.25,31.8,Potato
0.55,55,67.62,30.94,Potato
0.55,55,72.19,30.07,Potato
0.55,55,71.5,30.3,Potato
0.51,51,73.06,29.99,Potato
0.52,52,71.31,30.76,Potato
0.52,52,67.62,32.38,Potato
0.59,59,71.5,31.37,Potato
0.52,52,69.06,32.69,Potato
0.53,53,72.94,32.23,Potato
0.54,54,77.75,30.87,Potato
0.52,52,76.81,31.18,Potato
0.51,51,73.62,31.26,Potato
0.51,51,70.38,32.59,Potato
0.51,51,67.25,32.71,Potato
0.51,51,78.5,30.31,Potato
0.51,51,78.12,29.83,Potato
0.51,51,78.75,28.46,Potato
0.56,56,78.06,29.51,Potato
0.55,55,77.38,31.05,Potato
0.54,54,75.94,31.44,Potato
0.53,53,75.88,31.35,Potato
0.53,53,89.56,28.63,Potato
0.53,53,88.69,28.9,Potato
0.53,53,89.12,28.41,Potato
0.53,53,85.44,29.6,Potato
0.53,53,85.31,29.55,Potato
0.53,53,89.62,29.07,Potato
0.53,53,89.25,29.14,Potato
0.83,83,89.38,28.84,Pineapple
0.83,83,93.12,28.04,Pineapple
0.83,83,88.44,27.93,Pineapple
0.83,83,85.19,28.38,Pineapple
0.83,83,93.06,27.33,Pineapple
0.84,84,92,27.8,Pineapple
0.84,84,86.81,29.03,Pineapple
0.84,84,87.94,29.2,Pineapple
0.84,84,90,28.73,Pineapple
0.84,84,89.44,28.39,Pineapple
0.84,84,88,27.75,Pineapple
0.84,84,88.56,27.95,Pineapple
0.84,84,88.56,27.66,Pineapple
0.84,84,90.5,27.29,Pineapple
0.84,84,90.38,27.83,Pineapple
0.84,84,87.81,27.98,Pineapple
0.84,84,86.94,28.42,Pineapple
0.84,84,88,28.83,Pineapple
0.85,85,87.31,28.58,Pineapple
0.85,85,88.44,28.78,Pineapple
0.84,84,88,29.05,Pineapple
0.84,84,89.38,28.57,Pineapple
0.85,85,90.81,28.52,Pineapple
0.85,85,90.19,28.92,Pineapple
0.91,91,91.75,28.43,Maize
0.91,91,90.12,27.65,Maize
0.91,91,91.06,28.36,Maize
0.91,91,86,29.44,Maize
0.9,90,89.75,29.2,Maize
0.91,91,89.5,29.2,Maize
0.91,91,91.69,28.75,Maize
0.91,91,89.94,28.84,Maize
0.9,90,87.31,29.04,Maize
0.89,89,87.12,28.97,Maize
0.9,90,86.94,29.16,Maize
0.89,89,83.81,29.26,Maize
0.89,89,90.19,28.29,Maize
0.88,88,87.06,28.68,Maize
0.88,88,84.81,29.05,Maize
0.88,88,85.56,28.72,Maize
0.88,88,88.5,28.93,Maize
0.88,88,89.25,28.26,Maize
0.9,90,90.94,27.85,Maize
0.91,91,85.38,29.3,Maize
0.89,89,85.19,29.19,Maize
0.9,90,87.12,29.07,Maize
0.89,89,91.75,28.15,Maize
0.91,91,91.38,28.73,Maize
0.9,90,89.88,28.89,Maize
0.89,89,86.94,30.05,Maize
0.9,90,90.44,29.69,Maize
0.91,91,93.81,28.61,Maize
0.91,91,92.69,27.55,Maize
0.91,91,90.56,28.14,Maize
0.91,91,90.31,28.33,Maize
0.91,91,91.88,27.93,Maize
0.91,91,90.38,28.34,Maize
0.91,91,87.69,29.19,Maize
0.91,91,88.75,28.77,Maize
0.91,91,84.19,29.87,Maize
0.91,91,94.62,28.1,Maize
0.91,91,91,28.45,Maize
0.91,91,90.56,28.99,Maize
0.91,91,89.06,29.33,Maize
0.91,91,91.38,29.05,Maize
0.91,91,90.88,29.17,Maize
0.91,91,91.5,28.43,Maize
0.91,91,87.5,28.09,Maize
0.91,91,88.75,29.12,Maize
0.91,91,91.62,28.37,Maize
0.91,91,89.69,28.58,Maize
0.91,91,91.12,28.41,Maize
0.91,91,94.38,27.62,Maize
0.91,91,93.06,27.3,Maize
0.91,91,90.75,27.83,Maize
0.91,91,88,28.39,Maize
0.91,91,86.88,28.65,Maize
0.91,91,89,28.98,Maize
0.91,91,91.62,28.44,Maize
0.91,91,91.25,28.24,Maize
0.91,91,90.38,28.44,Maize
0.91,91,92.5,27.41,Maize
0.91,91,91.06,27.78,Maize
0.91,91,92.06,27.37,Maize
0.91,91,92.5,27.15,Maize
0.9,90,88.5,28.47,Maize
0.9,90,89.12,27.56,Maize
0.91,91,91.88,26.94,Maize
0.9,90,80.94,28.37,Maize
0.89,89,82.69,29.37,Maize
0.9,90,86.5,29.11,Maize
0.91,91,90.56,28.23,Maize
0.9,90,90.75,27.84,Maize
0.89,89,88.19,28.29,Maize
0.89,89,83.81,28.38,Maize
0.89,89,89.75,28.15,Maize
0.89,89,87.81,28.36,Maize
0.88,88,89.94,28.07,Maize
0.88,88,91.44,27.64,Maize
0.89,89,93.06,27.37,Maize
0.88,88,88.12,28.54,Maize
0.89,89,90.69,27.75,Maize
0.89,89,88.81,28.37,Maize
0.9,90,91.94,27.11,Maize
0.9,90,89.75,27.45,Maize
0.91,91,93.31,26.87,Maize
0.91,91,92.06,26.89,Maize
0.91,91,90.75,26.77,Maize
0.9,90,83.5,28.35,Maize
0.89,89,84.19,28.57,Maize
0.9,90,85.25,28.54,Maize
0.9,90,84.81,28.83,Maize
0.9,90,89.25,28.08,Maize
0.91,91,92.75,27.01,Maize
0.91,91,90.69,27.12,Maize
0.91,91,86,27.73,Maize
0.9,90,71.38,28.38,Maize
0.89,89,85.5,28.26,Maize
0.89,89,90.06,28.17,Maize
0.9,90,93.44,27.38,Maize
0.9,90,83.56,27.63,Maize
0.91,91,79.56,27.93,Maize
0.9,90,80,28.57,Maize
0.9,90,83.12,28.79,Maize
0.89,89,82.25,28.93,Maize
0.89,89,83.62,28.8,Maize
0.88,88,87.06,28.49,Maize
0.88,88,91.5,27.79,Maize
0.89,89,88.31,27.96,Maize
0.88,88,84.5,28.2,Maize
0.88,88,85.31,28.58,Maize
0.88,88,90.5,27.78,Maize
0.89,89,89.12,27.61,Maize
0.91,91,94.06,26.32,Maize
0.92,92,93.44,26.55,Strawberry
0.92,92,91.44,27.19,Strawberry
0.92,92,85.88,26.15,Strawberry
0.92,92,77.31,24.4,Strawberry
0.92,92,76.38,24.39,Strawberry
0.92,92,72,25.1,Strawberry
0.92,92,75.31,24.75,Strawberry
0.92,92,75.12,24.69,Strawberry
0.92,92,84.19,24.48,Strawberry
0.88,88,84.12,25.5,Maize
0.88,88,85.44,25.76,Maize
0.88,88,85.94,25.23,Maize
0.87,87,83.75,23.9,Maize
0.86,86,79.94,22.48,Maize
0.86,86,76.25,21.78,Maize
0.85,85,80.06,22.64,Pineapple
0.85,85,79.44,22.92,Pineapple
0.84,84,81.81,21.94,Pineapple
0.84,84,79.94,21.19,Pineapple
0.84,84,83.06,20.95,Pineapple
0.84,84,83.44,20.93,Pineapple
0.83,83,83.12,21.37,Pineapple
0.83,83,81.31,21.59,Pineapple
0.83,83,79.69,21.9,Pineapple
0.83,83,81.75,23.12,Pineapple
0.83,83,88.94,23.26,Pineapple
0.83,83,88.75,23.95,Pineapple
0.84,84,89.94,23.47,Pineapple
0.83,83,89.56,23.02,Pineapple
0.83,83,85,21.76,Pineapple
0.83,83,77.62,20.59,Pineapple
0.83,83,78.75,20.9,Pineapple
0.83,83,82.19,21.41,Pineapple
0.83,83,81.25,22.35,Pineapple
0.83,83,77,22.77,Pineapple
0.83,83,82.38,22.74,Pineapple
0.83,83,86.06,21.79,Pineapple
0.79,79,74.75,19.94,Mango
0.78,78,75.12,18.56,Mango
0.78,78,75.31,18.38,Mango
0.77,77,74.5,18,Mango
0.77,77,80.5,17.9,Mango
0.77,77,79.75,19,Mango
0.76,76,80.06,20.13,Mango
0.76,76,75.62,20.84,Mango
0.75,75,80,21.64,Mango
0.76,76,86.69,22.1,Mango
0.76,76,94.38,21.84,Mango
0.76,76,94.69,22.32,Mango
0.76,76,89.12,22.71,Mango
0.76,76,88.38,21.58,Mango
0.76,76,84.88,21.33,Mango
0.76,76,84.5,19.55,Mango
0.76,76,82.81,18.86,Mango
0.84,84,78,16.8,Pineapple
0.83,83,81.62,16.19,Pineapple
0.83,83,85.31,17.01,Pineapple
0.83,83,84.12,17.05,Pineapple
0.83,83,84.31,16.62,Pineapple
0.83,83,82.94,16.55,Pineapple
0.83,83,79.62,16.53,Pineapple
0.83,83,85.31,16.2,Pineapple
0.83,83,81.44,14.77,Pineapple
0.83,83,82.69,16.46,Pineapple
0.83,83,82.75,16.94,Pineapple
0.83,83,77.38,16.48,Pineapple
0.83,83,81.06,16.93,Pineapple
0.83,83,75.69,17.11,Pineapple
0.83,83,77.62,17.14,Pineapple
0.83,83,75.56,16.94,Pineapple
0.83,83,80.19,17.08,Pineapple
0.83,83,80.94,17.55,Pineapple
0.83,83,81.44,17.75,Pineapple
0.77,77,84.44,17.45,Mango
0.77,77,85.56,16.42,Mango
0.77,77,83.69,16.6,Mango
0.77,77,83.69,16.82,Mango
0.76,76,83.69,16.52,Mango
0.76,76,79,15.89,Mango
0.76,76,78.94,16.64,Mango
0.75,75,81.56,17.41,Banana
0.74,74,84.12,17.99,Banana
0.74,74,82.19,18.18,Banana
0.73,73,82.38,18.73,Banana
0.73,73,83.81,19.23,Banana
0.73,73,88.81,19.29,Banana
0.73,73,85.5,18.64,Banana
0.73,73,80.12,17.79,Banana
0.72,72,77.56,17.57,Banana
0.71,71,80.06,16.93,Banana
0.7,70,80,16.55,Banana
0.7,70,82.56,16.76,Banana
0.7,70,77.38,17.35,Banana
0.7,70,79.75,16.83,Banana
0.69,69,65.38,16.46,Banana
0.68,68,67.88,17.25,Banana
0.68,68,73.12,18.21,Banana
0.7,70,87.38,17.23,Banana
0.7,70,79.88,18.37,Banana
0.69,69,76.06,18.5,Banana
0.7,70,81.94,17.44,Banana
0.69,69,74.94,15.01,Banana
0.68,68,76.31,14.31,Banana
0.67,67,72.12,14.93,Banana
0.66,66,64.81,15.38,Banana
0.66,66,79,16.76,Banana
0.66,66,66.31,16.91,Banana
0.65,65,73.38,17.48,Banana
0.66,66,80.69,18.36,Banana
0.73,73,76.56,17.58,Banana
0.73,73,73.94,15.4,Banana
0.7,70,73.62,15.11,Banana
0.7,70,65.81,15.63,Banana
0.69,69,64.31,16.73,Banana
0.68,68,74.12,18.06,Banana
0.67,67,75.19,18.53,Banana
0.66,66,65.5,16.21,Banana
0.66,66,70.38,16.61,Banana
0.65,65,71.62,17.04,Banana
0.64,64,63.94,17.24,Banana
0.64,64,59.75,17.15,Banana
0.63,63,58.88,17.34,Banana
0.62,62,54.25,17.42,Banana
0.62,62,53.56,17.76,Banana
0.62,62,73,19.21,Banana
0.62,62,68.5,19.42,Banana
0.62,62,65.44,19.98,Banana
0.6,60,66.56,21.12,Potato
0.59,59,75.12,21.72,Potato
0.59,59,74.69,22.5,Potato
0.59,59,72.62,23.19,Potato
0.58,58,64.38,22.69,Potato
0.57,57,65.88,22.9,Potato
0.56,56,62.88,22.27,Potato
0.55,55,60.19,21.83,Potato
0.54,54,56.5,21.99,Potato
0.53,53,51.69,22.08,Potato
0.52,52,52.62,22.69,Potato
0.52,52,55.12,23.14,Potato
0.51,51,60,23.76,Potato
0.5,50,56.56,24.01,Sugercane
0.49,49,54.81,24.34,Sugercane
0.48,48,50.94,24.16,Sugercane
0.48,48,51.12,24.15,Sugercane
0.48,48,48.69,24.08,Sugercane
0.46,46,51.69,24.8,Sugercane
0.45,45,51.25,25.62,Sugercane
0.45,45,46.5,25.95,Sugercane
0.45,45,49.56,26.16,Sugercane
0.45,45,52.88,26.85,Sugercane
0.45,45,49.75,27.06,Sugercane
0.45,45,50.19,27.53,Sugercane
0.42,42,58.12,27.31,Wheat
0.41,41,61.06,26.84,Wheat
0.41,41,64.12,28.49,Wheat
0.41,41,53.69,29.91,Wheat
0.4,40,60.38,29.61,Wheat
0.4,40,70.81,29.15,Wheat
0.4,40,70.44,29.89,Wheat
0.4,40,70.75,29.69,Wheat
0.41,41,69.31,29.67,Wheat
0.43,43,72.12,29.21,Wheat
0.42,42,71.88,29.56,Wheat
0.4,40,69.06,30.42,Wheat
0.39,39,68.75,30.55,Wheat
0.39,39,68.81,30.5,Wheat
0.38,38,67.75,30.19,Wheat
0.38,38,64.62,30.49,Wheat
0.38,38,65.31,30.56,Wheat
0.4,40,68.44,30.55,Wheat
0.38,38,59.88,31.44,Wheat
0.37,37,52.75,31.23,Wheat
0.36,36,62.75,31.38,Wheat
0.37,37,62.56,31.62,Wheat
0.37,37,64.19,32.07,Wheat
0.36,36,63.88,32.35,Wheat
0.35,35,61.94,32.54,Wheat
0.35,35,64.12,31.91,Wheat
0.34,34,62,32.73,Wheat
0.34,34,67.31,31.88,Wheat
0.34,34,64,31.89,Wheat
0.34,34,63.88,32.6,Wheat
0.36,36,64.12,32.23,Wheat
0.36,36,73.88,29.41,Wheat
0.36,36,72,29.74,Wheat
0.36,36,69.62,30.64,Wheat
0.55,55,75.62,30.29,Potato
0.51,51,71.31,31.08,Potato
0.51,51,68.38,32.21,Potato
0.51,51,68.94,32.19,Potato
0.51,51,70.38,31.56,Potato
0.51,51,65.69,32.87,Potato
0.51,51,62.94,33.3,Potato
0.51,51,64.75,32.08,Potato
0.51,51,59,32.81,Potato
0.51,51,61,32.01,Potato
0.51,51,70.75,30.19,Potato
0.54,54,76.19,29.23,Potato
0.54,54,71.75,30.24,Potato
0.52,52,71,30.48,Potato
0.52,52,64.12,31.51,Potato
0.52,52,63.94,31.5,Potato
0.52,52,75.31,29.77,Potato
0.56,56,82.88,28.73,Potato
0.56,56,84.06,29.09,Potato
0.56,56,81.5,29.92,Potato
0.56,56,84.38,29.3,Potato
0.56,56,82.44,29.93,Potato
0.59,59,81.94,30.15,Potato
0.58,58,85.44,29.34,Potato
0.6,60,87.38,28.71,Potato
0.59,59,84.56,28.05,Potato
0.59,59,83,29.73,Potato
0.59,59,84.62,29.13,Potato
0.59,59,91.31,28.06,Potato
0.59,59,82.75,28.79,Potato
0.76,76,82.25,28.86,Mango
0.76,76,78.38,29.54,Mango
0.76,76,82.56,29.08,Mango
0.77,77,80.56,29.27,Mango
0.77,77,81.5,29.08,Mango
0.77,77,81,29.49,Mango
0.77,77,87.56,28.42,Mango
0.77,77,88,28.04,Mango
0.77,77,85.56,28.61,Mango
0.77,77,87.19,28.61,Mango
0.79,79,84,29.06,Mango
0.79,79,88.75,28.51,Mango
0.79,79,87.62,27.99,Mango
0.79,79,86.88,28.51,Mango
0.79,79,87.06,28.87,Mango
0.79,79,85.62,29.24,Mango
0.79,79,87.94,29.06,Mango
0.79,79,91.5,28.41,Mango
0.79,79,86.62,27.67,Mango
0.79,79,88.06,28.34,Mango
0.79,79,88.56,28.87,Mango
0.79,79,88.75,29.23,Mango
0.79,79,90.56,28.66,Mango
0.79,79,91.62,28.03,Mango
0.79,79,91.94,27.29,Mango
0.79,79,93.5,27.23,Mango
0.79,79,91,27.25,Mango
0.79,79,92.69,26.9,Mango
0.78,78,92.31,27.01,Mango
0.77,77,92.12,26.98,Mango
0.77,77,87.06,27.71,Mango
0.77,77,89,28.19,Mango
0.77,77,90.69,27.84,Mango
0.77,77,88.56,28.4,Mango
0.77,77,89.38,28.18,Mango
0.77,77,87.62,28.73,Mango
0.77,77,89.56,28.54,Mango
0.77,77,90.25,28.2,Mango
0.77,77,92.19,27.86,Mango
0.77,77,89.44,28.73,Mango
0.77,77,88.62,28.53,Mango
0.77,77,90,28.29,Mango
0.77,77,89.19,28.64,Mango
0.77,77,87.62,28.98,Mango
0.77,77,91.69,27.98,Mango
0.77,77,88.31,28.53,Mango
0.77,77,89.38,28.28,Mango
0.77,77,86.81,28.49,Mango
0.77,77,88.06,28.73,Mango
0.77,77,89,28.07,Mango
0.77,77,86.81,28.86,Mango
0.77,77,87.12,29.16,Mango
0.77,77,89,28.83,Mango
0.77,77,87.12,29.09,Mango
0.77,77,87,29.33,Mango
0.77,77,87.31,29.4,Mango
0.77,77,86.62,29.26,Mango
0.77,77,88.31,28.84,Mango
0.77,77,89.5,28.95,Mango
0.77,77,86.81,29.16,Mango
0.79,79,88.12,29.19,Mango
0.79,79,90.69,28.02,Mango
0.79,79,90.06,27.66,Mango
0.79,79,86.12,27.3,Mango
0.79,79,80.56,28.56,Mango
0.79,79,83.38,29.39,Mango
0.79,79,87.56,28.28,Mango
0.79,79,78.81,28.94,Mango
0.79,79,86.25,29.56,Mango
0.79,79,86.94,28.81,Mango
0.79,79,88.12,29.26,Mango
0.79,79,85.44,29.81,Mango
0.79,79,88.06,28.51,Mango
0.79,79,85.69,29.29,Mango
0.79,79,86.62,29.63,Mango
0.79,79,88.62,28.98,Mango
0.79,79,84.81,29.76,Mango
0.79,79,90.25,28.13,Mango
0.79,79,88.62,28.55,Mango
0.79,79,92.12,27.62,Mango
0.79,79,90.19,27.98,Mango
0.79,79,84.38,29.42,Mango
0.79,79,91.94,27.94,Mango
0.79,79,91.69,27.38,Mango
0.79,79,89.5,28.33,Mango
0.79,79,85.44,29.35,Mango
0.79,79,83.44,29.79,Mango
0.79,79,83.81,29.85,Mango
0.79,79,86.88,28.69,Mango
0.79,79,87.56,28.33,Mango
0.79,79,87.56,28.7,Mango
0.76,76,85.12,29.45,Mango
0.76,76,89.06,28.34,Mango
0.76,76,87.75,28.19,Mango
0.76,76,83.44,28.97,Mango
0.76,76,86.88,28.97,Mango
0.76,76,89.81,27.98,Mango
0.76,76,87.94,28.1,Mango
0.76,76,85.06,29.13,Mango
0.79,79,82.94,29.44,Mango
0.78,78,85.75,29.2,Mango
0.78,78,84.12,28.37,Mango
0.78,78,86.56,28.73,Mango
0.78,78,87.25,29.28,Mango
0.78,78,88.31,29.26,Mango
0.78,78,89.81,28.8,Mango
0.78,78,85.38,28.74,Mango
0.78,78,87.19,28.36,Mango
0.78,78,82.81,29.69,Mango
0.78,78,88,28.48,Mango
0.78,78,92.25,27.42,Mango
0.78,78,91.62,27.4,Mango
0.78,78,94.5,27.18,Mango
0.78,78,93.94,27.2,Mango
0.78,78,89.44,27.68,Mango
0.78,78,89.56,28.08,Mango
0.78,78,89.19,28.18,Mango
0.78,78,85.75,28.74,Mango
0.78,78,87.81,28.97,Mango
0.78,78,92.06,27.62,Mango
0.78,78,89.62,28,Mango
0.78,78,89.81,28.07,Mango
0.78,78,91.31,27.55,Mango
0.78,78,88.25,27.98,Mango
0.78,78,89.06,27.52,Mango
0.76,76,82.94,28.11,Mango
0.76,76,87.44,27.55,Mango
0.76,76,88.06,28.12,Mango
0.76,76,85.44,27.44,Mango
0.76,76,80.06,28.26,Mango
0.76,76,81.06,28.9,Mango
0.76,76,84.25,28.73,Mango
0.76,76,91.62,27.46,Mango
0.76,76,93.06,26.92,Mango
0.76,76,88.94,27.9,Mango
0.76,76,89.25,27.93,Mango
0.76,76,88.31,27.76,Mango
0.76,76,79.19,28.53,Mango
0.76,76,83.12,28.3,Mango
0.76,76,88.75,27.69,Mango
0.76,76,89.12,27.52,Mango
0.76,76,91.62,27.26,Mango
0.76,76,91.12,26.86,Mango
0.76,76,87.38,27.3,Mango
0.76,76,83.62,27.7,Mango
0.76,76,86.38,27.08,Mango
0.76,76,85.62,26.62,Mango
0.76,76,83.12,27.29,Mango
0.76,76,80.06,27.37,Mango
0.76,76,83.25,26.66,Mango
0.76,76,84.44,26.5,Mango
0.76,76,84.88,26.6,Mango
0.76,76,82.88,26.58,Mango
0.82,82,90.31,25.19,Jute
0.82,82,95,23.65,Jute
0.82,82,85.75,23.9,Jute
0.82,82,81.81,24.23,Jute
0.82,82,79.31,23.9,Jute
0.82,82,76.06,22.98,Jute
0.82,82,75.38,23.33,Jute
0.82,82,79.56,24.52,Jute
0.82,82,84,25.78,Jute
0.82,82,85,25.82,Jute
0.82,82,85.44,26.01,Jute
0.82,82,83.5,24.65,Jute
0.82,82,76.38,23.31,Jute
0.82,82,72.19,23.98,Jute
0.82,82,73.44,24.01,Jute
0.82,82,73.31,23.39,Jute
0.81,81,69.5,22.76,Jute
0.81,81,74.44,22.76,Jute
0.81,81,74.5,22.9,Jute
0.81,81,75.56,22.93,Jute
0.81,81,75.94,22.66,Jute
0.81,81,81.69,21.46,Jute
0.81,81,76.38,20.93,Jute
0.81,81,73.94,21.29,Jute
0.82,82,78.38,21.69,Jute
0.82,82,80.62,21.46,Jute
0.81,81,80.19,20.44,Jute
0.81,81,79.88,20.4,Jute
0.8,80,78.19,21.67,Jute
0.8,80,82.06,21.23,Jute
0.8,80,83.56,20.05,Jute
0.8,80,86.19,20.05,Jute
0.8,80,84.62,20.21,Jute
0.8,80,80.62,20.89,Jute
0.8,80,77.44,20.84,Jute
0.8,80,73.56,20.56,Jute
0.8,80,80.06,21.02,Jute
0.77,77,78.56,22.51,Mango
0.76,76,79.75,22.33,Mango
0.76,76,82.5,20.82,Mango
